sample_id,row,col,longitude,latitude,spatial_fold,spatial_block,elevation,slope,aspect_sin,aspect_cos,profile_curvature,twi,ndvi,ndwi,ndmi,ndvi_imputed,ndwi_imputed,ndmi_imputed,sentinel_observed_flag,distance_to_landslide_m,target
SMP_0001,128,13617,92.78263888888888,26.964305555555555,2,North-East_Meghalaya,175.0,12.046564102172852,0.5525730203573664,0.8334644906492042,0.006630889140069485,6.074641227722168,nan,nan,nan,0.6403788626194,-0.6150324940681458,0.14333602786064148,0,0.0,1
SMP_0002,1823,9796,91.72125,26.493472222222223,2,North-East_Meghalaya,61.0,0.8101301193237305,-0.9582660714080177,0.28587783472708067,-0.0013050264678895473,8.38333797454834,nan,nan,nan,0.6403788626194,-0.6150324940681458,0.14333602786064148,0,0.0,1
SMP_0003,1871,5608,90.55791666666667,26.480138888888888,1,North-West_Meghalaya,62.0,2.429487943649292,0.7451113393360901,0.6669400962551119,-0.0008678931626491249,7.690029621124268,nan,nan,nan,0.6403788626194,-0.6150324940681458,0.14333602786064148,0,0.0,1
SMP_0004,2400,8100,91.25013888888888,26.333194444444445,2,North-East_Meghalaya,42.0,0.809097409248352,-0.9581572067137392,-0.2862424972335955,3.3751301089068875e-05,8.384613990783691,nan,nan,nan,0.6403788626194,-0.6150324940681458,0.14333602786064148,0,0.0,1
SMP_0005,2799,10513,91.92041666666667,26.222361111111113,2,North-East_Meghalaya,82.0,22.625709533691406,-0.9406184053108505,0.33946577970463016,0.003724941983819008,4.9997992515563965,nan,nan,nan,0.6403788626194,-0.6150324940681458,0.14333602786064148,0,0.0,1
SMP_0006,2863,10339,91.87208333333334,26.204583333333332,2,North-East_Meghalaya,125.0,25.053987503051758,0.3084262186290279,0.9512482681520104,-0.0016788309440016747,5.801360130310059,0.7291772365570068,-0.6318898797035217,0.23684927821159363,0.7291772365570068,-0.6318898797035217,0.23684927821159363,1,0.0,1
SMP_0007,2885,10079,91.79986111111111,26.19847222222222,2,North-East_Meghalaya,83.0,9.814448356628418,-0.2864777578308032,-0.9580868928590118,-0.001831793924793601,6.284605979919434,0.20292332768440247,-0.26695626974105835,-0.11835355311632156,0.20292332768440247,-0.26695626974105835,-0.11835355311632156,1,0.0,1
SMP_0008,2887,9959,91.76652777777778,26.197916666666668,2,North-East_Meghalaya,86.0,17.079317092895508,0.9531142665573773,0.302610632471486,-0.006600748281925917,6.221018314361572,0.479583740234375,-0.46590620279312134,0.11405618488788605,0.479583740234375,-0.46590620279312134,0.11405618488788605,1,0.0,1
SMP_0009,2892,9946,91.76291666666667,26.196527777777778,2,North-East_Meghalaya,92.0,11.030560493469238,-0.8551173821626122,0.5184344343534301,0.00650190282613039,5.7597126960754395,0.30256038904190063,-0.32077279686927795,-0.09427382051944733,0.30256038904190063,-0.32077279686927795,-0.09427382051944733,1,0.0,1
SMP_0010,2892,9954,91.76513888888888,26.196527777777778,2,North-East_Meghalaya,71.0,1.6412653923034668,-0.15723036507496943,0.9875619536507023,-0.015017650090157986,10.385153770446777,0.5577328205108643,-0.49407753348350525,0.16070669889450073,0.5577328205108643,-0.49407753348350525,0.16070669889450073,1,0.0,1
SMP_0011,2892,10087,91.80208333333333,26.196527777777778,2,North-East_Meghalaya,105.0,11.470858573913574,-0.08880580518560688,0.9960489591206528,0.0029942896217107773,6.972311019897461,0.5955615639686584,-0.541978657245636,0.17339691519737244,0.5955615639686584,-0.541978657245636,0.17339691519737244,1,0.0,1
SMP_0012,2893,10106,91.8073611111111,26.19625,2,North-East_Meghalaya,181.0,18.529333114624023,0.9274727435923564,-0.37389077267735166,-0.00021768087754026055,5.2177510261535645,0.6416261792182922,-0.6090967655181885,0.10696672648191452,0.6416261792182922,-0.6090967655181885,0.10696672648191452,1,0.0,1
SMP_0013,2894,10016,91.78236111111111,26.195972222222224,2,North-East_Meghalaya,126.0,15.267424583435059,0.3961180762937927,-0.918199580501595,-0.009671352803707123,6.675817966461182,0.4467847943305969,-0.4813787341117859,0.011146469041705132,0.4467847943305969,-0.4813787341117859,0.011146469041705132,1,0.0,1
SMP_0014,2909,10116,91.81013888888889,26.191805555555554,2,North-East_Meghalaya,101.0,8.279962539672852,1.2246467991473532e-16,-1.0,0.003040405921638012,7.150623321533203,0.44674667716026306,-0.44801798462867737,0.04096565768122673,0.44674667716026306,-0.44801798462867737,0.04096565768122673,1,0.0,1
SMP_0015,2914,9983,91.77319444444444,26.190416666666668,2,North-East_Meghalaya,97.0,26.582263946533203,0.6212144818057075,-0.783640585724646,-0.0037367839831858873,5.915626525878906,0.49563688039779663,-0.49113699793815613,0.009529952891170979,0.49563688039779663,-0.49113699793815613,0.009529952891170979,1,0.0,1
SMP_0016,2927,9626,91.67402777777778,26.186805555555555,2,North-East_Meghalaya,49.0,2.559086322784424,0.10079148491505786,0.9949075718721904,-0.0010421528713777661,7.637994289398193,0.4562250077724457,-0.4548865258693695,0.06799648702144623,0.4562250077724457,-0.4548865258693695,0.06799648702144623,1,0.0,1
SMP_0017,2936,10042,91.78958333333334,26.184305555555557,2,North-East_Meghalaya,64.0,2.3148748874664307,1.2246467991473532e-16,-1.0,0.0018299672519788146,7.332944869995117,0.11728420108556747,-0.15786661207675934,-0.12047594040632248,0.11728420108556747,-0.15786661207675934,-0.12047594040632248,1,0.0,1
SMP_0018,2940,10079,91.79986111111111,26.183194444444446,2,North-East_Meghalaya,69.0,3.0192198753356934,0.08540567259709586,-0.9963462606384578,0.0027134420815855265,7.066920280456543,0.06642947345972061,-0.11285670101642609,-0.17314930260181427,0.06642947345972061,-0.11285670101642609,-0.17314930260181427,1,0.0,1
SMP_0019,2943,9900,91.75013888888888,26.18236111111111,2,North-East_Meghalaya,58.0,6.17617130279541,-0.8741670451301666,-0.4856253465464845,-0.004963564686477184,6.348262310028076,0.07815498858690262,-0.10419285297393799,-0.15224488079547882,0.07815498858690262,-0.10419285297393799,-0.15224488079547882,1,0.0,1
SMP_0020,2946,9979,91.77208333333333,26.181527777777777,2,North-East_Meghalaya,58.0,0.741184651851654,-0.3481989976221577,0.9374206409371006,-0.0010454235598444939,8.472294807434082,0.17094619572162628,-0.199935644865036,-0.07886385172605515,0.17094619572162628,-0.199935644865036,-0.07886385172605515,1,0.0,1
SMP_0021,2949,9914,91.75402777777778,26.180694444444445,2,North-East_Meghalaya,54.0,1.131385087966919,0.9123638058067418,-0.4093803681832312,-0.00025257194647565484,8.049272537231445,0.23829452693462372,-0.26226505637168884,-0.07766067236661911,0.23829452693462372,-0.26226505637168884,-0.07766067236661911,1,0.0,1
SMP_0022,2962,9935,91.7598611111111,26.177083333333332,2,North-East_Meghalaya,80.0,8.28451156616211,-0.8661862138958883,0.49972136521936544,0.000174568805960007,6.051453590393066,0.46685248613357544,-0.44559043645858765,0.1141749694943428,0.46685248613357544,-0.44559043645858765,0.1141749694943428,1,0.0,1
SMP_0023,2963,9972,91.7701388888889,26.176805555555557,2,North-East_Meghalaya,114.0,37.21921920776367,0.9073219402033752,-0.4204365550538901,0.0031044830102473497,5.092767238616943,0.5404903888702393,-0.523509681224823,0.07810715585947037,0.5404903888702393,-0.523509681224823,0.07810715585947037,1,0.0,1
SMP_0024,2976,9935,91.7598611111111,26.173194444444444,2,North-East_Meghalaya,56.0,0.7411782741546631,0.34817702830738884,0.937428801007861,0.0010454235598444939,8.47230339050293,0.2040250599384308,-0.224504753947258,-0.06510477513074875,0.2040250599384308,-0.224504753947258,-0.06510477513074875,1,0.0,1
SMP_0025,2979,9955,91.76541666666667,26.172361111111112,2,North-East_Meghalaya,54.0,2.114957809448242,-0.9757417921680845,-0.21892454183260157,-0.0006091381656005979,8.521967887878418,0.21001991629600525,-0.2300301492214203,-0.07750649005174637,0.21001991629600525,-0.2300301492214203,-0.07750649005174637,1,0.0,1
SMP_0026,2988,10074,91.79847222222222,26.16986111111111,2,North-East_Meghalaya,146.0,1.1863042116165161,-0.21750861773546235,-0.9760584005123918,0.0019017246086150408,8.001858711242676,0.7160943746566772,-0.6415721774101257,0.20763079822063446,0.7160943746566772,-0.6415721774101257,0.20763079822063446,1,0.0,1
SMP_0027,3000,9735,91.70430555555555,26.166527777777777,2,North-East_Meghalaya,236.0,16.33112907409668,-0.7839472148821119,-0.6208274835077615,-0.0025848892983049154,6.045312404632568,0.41651052236557007,-0.4462530016899109,0.0779995322227478,0.41651052236557007,-0.4462530016899109,0.0779995322227478,1,0.0,1
SMP_0028,3000,9737,91.70486111111111,26.166527777777777,2,North-East_Meghalaya,245.0,13.854299545288086,-0.018262410837859483,-0.9998332282687894,0.003795916447415948,5.9299540519714355,0.5215016603469849,-0.5390604734420776,0.08310795575380325,0.5215016603469849,-0.5390604734420776,0.08310795575380325,1,0.0,1
SMP_0029,3001,9769,91.71375,26.16625,2,North-East_Meghalaya,154.0,27.788497924804688,0.9999705782600109,0.0076708939726294915,-0.0034978806506842375,5.681494235992432,0.6536781191825867,-0.6137006282806396,0.15999525785446167,0.6536781191825867,-0.6137006282806396,0.15999525785446167,1,0.0,1
SMP_0030,3017,9970,91.76958333333333,26.161805555555556,2,North-East_Meghalaya,56.0,1.3867250680923462,0.7441995585330639,-0.667957346751417,-0.0006058564758859575,8.251169204711914,0.19292518496513367,-0.21791820228099823,-0.0965837836265564,0.19292518496513367,-0.21791820228099823,-0.0965837836265564,1,0.0,1
SMP_0031,3021,10270,91.85291666666667,26.160694444444445,2,North-East_Meghalaya,102.0,8.229805946350098,-0.31139383441051777,0.9502809478733724,-0.0008411146700382233,6.974462509155273,0.6369929313659668,-0.5517555475234985,0.19549427926540375,0.6369929313659668,-0.5517555475234985,0.19549427926540375,1,0.0,1
SMP_0032,3027,10144,91.81791666666666,26.159027777777776,2,North-East_Meghalaya,68.0,10.346478462219238,0.4193665473943904,-0.9078169963855648,-0.0016751042567193508,5.825245380401611,0.2924804091453552,-0.3194541931152344,-0.08219446986913681,0.2924804091453552,-0.3194541931152344,-0.08219446986913681,1,0.0,1
SMP_0033,3042,9846,91.73513888888888,26.15486111111111,2,North-East_Meghalaya,58.0,0.0,-0.01745240643728351,0.9998476951563913,0.0,10.475428581237793,0.1782151162624359,-0.19228942692279816,-0.0695384070277214,0.1782151162624359,-0.19228942692279816,-0.0695384070277214,1,0.0,1
SMP_0034,3063,9846,91.73513888888888,26.14902777777778,2,North-East_Meghalaya,52.0,3.7006618976593018,-0.0,1.0,-0.0,7.268406391143799,0.2915588319301605,-0.2927657961845398,-0.036312036216259,0.2915588319301605,-0.2927657961845398,-0.036312036216259,1,0.0,1
SMP_0035,3068,9848,91.73569444444445,26.14763888888889,2,North-East_Meghalaya,53.0,0.0,-0.01745240643728351,0.9998476951563913,0.0,10.475428581237793,0.1582251638174057,-0.20690114796161652,-0.09721525758504868,0.1582251638174057,-0.20690114796161652,-0.09721525758504868,1,0.0,1
SMP_0036,3071,9528,91.64680555555556,26.146805555555556,2,North-East_Meghalaya,57.0,4.842576026916504,-0.7441568639406001,0.6680049115463832,-0.0011795086320489645,9.75001335144043,0.401493638753891,-0.3422509431838989,0.07948078960180283,0.401493638753891,-0.3422509431838989,0.07948078960180283,1,0.0,1
SMP_0037,3076,10057,91.79375,26.145416666666666,2,North-East_Meghalaya,82.0,13.204633712768555,0.03838499487035819,0.9992630245179708,0.001940600574016571,5.979814529418945,0.609049916267395,-0.5619819164276123,0.14179627597332,0.609049916267395,-0.5619819164276123,0.14179627597332,1,0.0,1
SMP_0038,3093,9952,91.76458333333333,26.140694444444446,2,North-East_Meghalaya,62.0,2.9621365070343018,0.34809189540652485,-0.9374604164188977,-0.001450690208002925,7.779189586639404,0.2834690511226654,-0.3081410825252533,-0.044102635234594345,0.2834690511226654,-0.3081410825252533,-0.044102635234594345,1,0.0,1
SMP_0039,3123,10203,91.83430555555556,26.132361111111113,2,North-East_Meghalaya,69.0,3.1058101654052734,0.24895204482159455,0.968515812663452,-0.0010421528713777661,10.788093566894531,0.5057797431945801,-0.4897751808166504,0.06165012717247009,0.5057797431945801,-0.4897751808166504,0.06165012717247009,1,0.0,1
SMP_0040,3126,9917,91.75486111111111,26.131527777777777,2,North-East_Meghalaya,72.0,6.807319164276123,0.18859734729808947,0.982054499807482,-9.892856724036392e-06,8.390191078186035,0.47426754236221313,-0.5044624209403992,0.0458575077354908,0.47426754236221313,-0.5044624209403992,0.0458575077354908,1,0.0,1
SMP_0041,3128,10217,91.83819444444444,26.130972222222223,2,North-East_Meghalaya,112.0,4.386868000030518,0.88039332174469,0.47424423984625336,0.009043018333613873,6.692272663116455,0.4552643597126007,-0.46797406673431396,-0.01367064006626606,0.4552643597126007,-0.46797406673431396,-0.01367064006626606,1,0.0,1
SMP_0042,3133,9740,91.70569444444445,26.129583333333333,2,North-East_Meghalaya,142.0,8.192429542541504,-0.9069767704072335,0.4211806476343192,0.003211320610716939,6.468251705169678,0.30513954162597656,-0.414656400680542,-0.04499085247516632,0.30513954162597656,-0.414656400680542,-0.04499085247516632,1,0.0,1
SMP_0043,3158,9778,91.71625,26.12263888888889,2,North-East_Meghalaya,84.0,21.17967987060547,0.44155598472683527,-0.8972336999644601,-0.002086810301989317,5.989034652709961,0.28912895917892456,-0.33064112067222595,-0.1011759415268898,0.28912895917892456,-0.33064112067222595,-0.1011759415268898,1,0.0,1
SMP_0044,3204,10091,91.80319444444444,26.109861111111112,2,North-East_Meghalaya,63.0,3.602695941925049,0.8580096342979348,-0.5136335926046157,0.0004311533411964774,7.2953081130981445,0.19521477818489075,-0.25819137692451477,-0.1217350885272026,0.19521477818489075,-0.25819137692451477,-0.1217350885272026,1,0.0,1
SMP_0045,3205,9988,91.77458333333334,26.109583333333333,2,North-East_Meghalaya,60.0,0.6932924389839172,-0.7440511817514217,0.6681226226781374,0.0008294697036035359,8.53909969329834,0.25237637758255005,-0.2959844768047333,-0.07306689023971558,0.25237637758255005,-0.2959844768047333,-0.07306689023971558,1,0.0,1
SMP_0046,3217,10265,91.85152777777778,26.10625,2,North-East_Meghalaya,201.0,30.866270065307617,0.6025464755222051,0.798083795622846,-0.0004102469829376787,5.044768810272217,0.6249641180038452,-0.5574012398719788,0.08682028204202652,0.6249641180038452,-0.5574012398719788,0.08682028204202652,1,0.0,1
SMP_0047,3217,10338,91.87180555555555,26.10625,2,North-East_Meghalaya,247.0,13.32559871673584,-0.9122662574270998,0.40959769965168563,0.009265363216400146,5.564896106719971,0.7750117778778076,-0.6542959809303284,0.2261294722557068,0.7750117778778076,-0.6542959809303284,0.2261294722557068,1,0.0,1
SMP_0048,3222,9852,91.73680555555555,26.104861111111113,2,North-East_Meghalaya,165.0,16.880050659179688,0.5637372776632575,-0.8259541644503158,0.004672084003686905,5.317179203033447,0.7868403792381287,-0.7055032849311829,0.2336660623550415,0.7868403792381287,-0.7055032849311829,0.2336660623550415,1,0.0,1
SMP_0049,3224,9749,91.70819444444444,26.104305555555555,2,North-East_Meghalaya,54.0,2.8291432857513428,0.8198325906022853,0.5726032862168586,0.0002884669811464846,7.537522792816162,0.32571423053741455,-0.31448686122894287,-0.09267130494117737,0.32571423053741455,-0.31448686122894287,-0.09267130494117737,1,0.0,1
SMP_0050,3224,10304,91.86236111111111,26.104305555555555,2,North-East_Meghalaya,156.0,27.264205932617188,-0.46296048969794745,0.8863789172688149,0.004860973916947842,4.78753137588501,0.5674172639846802,-0.4976569712162018,0.17772427201271057,0.5674172639846802,-0.4976569712162018,0.17772427201271057,1,0.0,1
SMP_0051,3229,10370,91.88069444444444,26.102916666666665,2,North-East_Meghalaya,146.0,17.801822662353516,0.5747865606673416,-0.8183033726413502,0.0011960729025304317,5.953767776489258,0.45214134454727173,-0.45135200023651123,0.05668618530035019,0.45214134454727173,-0.45135200023651123,0.05668618530035019,1,0.0,1
SMP_0052,3234,9686,91.69069444444445,26.10152777777778,2,North-East_Meghalaya,115.0,38.11191177368164,0.02295410366649605,0.9997365198515396,0.006243402604013681,4.367408275604248,0.4947250485420227,-0.44074034690856934,0.2406792938709259,0.4947250485420227,-0.44074034690856934,0.2406792938709259,1,0.0,1
SMP_0053,3238,10344,91.87347222222222,26.100416666666668,2,North-East_Meghalaya,99.0,13.985278129577637,0.37955744541644715,0.9251681715390672,-0.002410896122455597,5.5146989822387695,0.3594522774219513,-0.34680676460266113,-0.004813859239220619,0.3594522774219513,-0.34680676460266113,-0.004813859239220619,1,0.0,1
SMP_0054,3239,9665,91.6848611111111,26.10013888888889,2,North-East_Meghalaya,88.0,23.331584930419922,0.845349632119843,0.5342134399983269,0.0013322230661287904,8.772181510925293,0.17307505011558533,-0.1661292016506195,-0.047151852399110794,0.17307505011558533,-0.1661292016506195,-0.047151852399110794,1,0.0,1
SMP_0055,3249,10347,91.87430555555555,26.097361111111113,2,North-East_Meghalaya,174.0,33.13858413696289,-0.42748334950439293,0.9040232219896263,-0.0036716987378895283,5.649634838104248,0.6536545157432556,-0.5650342106819153,0.1419336497783661,0.6536545157432556,-0.5650342106819153,0.1419336497783661,1,0.0,1
SMP_0056,3427,10330,91.86958333333334,26.047916666666666,2,North-East_Meghalaya,75.0,11.288192749023438,0.7438760712972318,-0.6683175821055404,-0.002994127105921507,6.141495704650879,0.14850054681301117,-0.22225826978683472,-0.06863988935947418,0.14850054681301117,-0.22225826978683472,-0.06863988935947418,1,0.0,1
SMP_0057,3706,10290,91.85847222222222,25.970416666666665,2,North-East_Meghalaya,292.0,11.04190444946289,0.7834408598585302,-0.6214663459143439,-0.0029896132182329893,7.630460739135742,0.6393174529075623,-0.6239240169525146,0.03201134502887726,0.6393174529075623,-0.6239240169525146,0.03201134502887726,1,0.0,1
SMP_0058,3707,10291,91.85875,25.97013888888889,2,North-East_Meghalaya,286.0,8.624104499816895,0.5632955075602146,-0.8262555120315266,0.0005864288541488349,7.956601619720459,0.6414402723312378,-0.6067655682563782,0.06591805070638657,0.6414402723312378,-0.6067655682563782,0.06591805070638657,1,0.0,1
SMP_0059,3740,8525,91.36819444444444,25.96097222222222,2,North-East_Meghalaya,182.0,4.91282320022583,-0.1569221171353613,-0.9876109806769849,-0.004095079377293587,9.1434907913208,0.7415540814399719,-0.6498101949691772,0.16424159705638885,0.7415540814399719,-0.6498101949691772,0.16424159705638885,1,0.0,1
SMP_0060,3933,10374,91.88180555555556,25.90736111111111,2,North-East_Meghalaya,578.0,8.270431518554688,-0.8656877840991176,0.5005843190328274,-0.0030875776428729296,6.746325969696045,0.5722681283950806,-0.5588950514793396,-0.02351197600364685,0.5722681283950806,-0.5588950514793396,-0.02351197600364685,1,0.0,1
SMP_0061,4020,7920,91.20013888888889,25.883194444444445,2,North-East_Meghalaya,256.0,25.799814224243164,0.8551035751152376,-0.518457207322976,-0.0,5.767788410186768,0.8144186735153198,-0.7071408629417419,0.22433924674987793,0.8144186735153198,-0.7071408629417419,0.22433924674987793,1,0.0,1
SMP_0062,4217,10356,91.87680555555555,25.82847222222222,2,North-East_Meghalaya,612.0,12.509810447692871,-0.9918339884109638,0.12753563985333685,0.005693528801202774,5.6302618980407715,0.7388678193092346,-0.6875746846199036,0.17854906618595123,0.7388678193092346,-0.6875746846199036,0.17854906618595123,1,0.0,1
SMP_0063,4226,10336,91.87125,25.825972222222223,2,North-East_Meghalaya,622.0,17.271732330322266,0.837749562206441,-0.5460546410597719,0.007875711657106876,5.292823791503906,0.8273295760154724,-0.7353909015655518,0.20620733499526978,0.8273295760154724,-0.7353909015655518,0.20620733499526978,1,0.0,1
SMP_0064,4268,5674,90.57625,25.814305555555556,1,North-West_Meghalaya,64.0,0.7409046292304993,0.3472434055586598,-0.9377750355474516,-0.0010454235598444939,8.472672462463379,nan,nan,nan,0.6403788626194,-0.6150324940681458,0.14333602786064148,0,0.0,1
SMP_0065,4500,10367,91.87986111111111,25.749861111111112,2,North-East_Meghalaya,801.0,1.1279447078704834,-0.9118022914235505,-0.41062949401469295,2.5332876248285174e-05,8.052318572998047,0.7413113713264465,-0.6938515305519104,0.1729545146226883,0.7413113713264465,-0.6938515305519104,0.1729545146226883,1,0.0,1
SMP_0066,4552,4986,90.38513888888889,25.735416666666666,1,North-West_Meghalaya,333.0,7.541161060333252,-0.711860648157664,0.7023207369888422,-0.004786210134625435,6.552135944366455,nan,nan,nan,0.6403788626194,-0.6150324940681458,0.14333602786064148,0,0.0,1
SMP_0067,4594,3251,89.90319444444444,25.72375,1,North-West_Meghalaya,30.0,7.189675807952881,-0.6758426725867293,-0.7370459157412292,-0.00537240132689476,6.600395679473877,nan,nan,nan,0.6403788626194,-0.6150324940681458,0.14333602786064148,0,0.0,1
SMP_0068,4757,10524,91.92347222222222,25.678472222222222,2,North-East_Meghalaya,988.0,11.78139591217041,0.9677381039035221,-0.25195825498128804,0.0009719698573462665,6.097553730010986,0.789175808429718,-0.728986918926239,0.19905486702919006,0.789175808429718,-0.728986918926239,0.19905486702919006,1,0.0,1
SMP_0069,4970,13354,92.70958333333333,25.619305555555556,2,North-East_Meghalaya,596.0,8.072420120239258,0.9798951731181323,-0.1995130314034287,0.003936608787626028,6.0777435302734375,0.7188675403594971,-0.6614038348197937,0.19667460024356842,0.7188675403594971,-0.6614038348197937,0.19667460024356842,1,0.0,1
SMP_0070,5101,10414,91.89291666666666,25.582916666666666,2,North-East_Meghalaya,1445.0,4.5559563636779785,-0.5062008852744763,-0.8624155980426934,0.00041415749001316726,9.139204978942871,0.2660484313964844,-0.46137621998786926,-0.04791705682873726,0.2660484313964844,-0.46137621998786926,-0.04791705682873726,1,0.0,1
SMP_0071,5122,10319,91.86652777777778,25.577083333333334,2,North-East_Meghalaya,1479.0,7.645338535308838,-0.26709158043921993,0.9636711512017363,-0.00048385150148533285,6.13278865814209,0.47749364376068115,-0.5140564441680908,-0.0017817519837990403,0.47749364376068115,-0.5140564441680908,-0.0017817519837990403,1,0.0,1
SMP_0072,5126,10377,91.88263888888889,25.575972222222223,2,North-East_Meghalaya,1489.0,1.3043700456619263,0.9841141853191451,-0.1775366729823315,0.000665054889395833,7.906951427459717,0.1808215230703354,-0.2564765512943268,-0.09376576542854309,0.1808215230703354,-0.2564765512943268,-0.09376576542854309,1,0.0,1
SMP_0073,5137,10386,91.88513888888889,25.572916666666668,2,North-East_Meghalaya,1500.0,6.544987201690674,-0.5859057711664873,0.8103791873646582,-0.0023956126533448696,8.235692024230957,0.29979267716407776,-0.33143267035484314,-0.06110803037881851,0.29979267716407776,-0.33143267035484314,-0.06110803037881851,1,0.0,1
SMP_0074,5192,10262,91.85069444444444,25.55763888888889,2,North-East_Meghalaya,1683.0,7.142531871795654,0.429097537126719,0.9032581600139487,0.0010646946029737592,6.201578140258789,0.8303508162498474,-0.7621966600418091,0.316937118768692,0.8303508162498474,-0.7621966600418091,0.316937118768692,1,0.0,1
SMP_0075,5220,11072,92.07569444444445,25.54986111111111,2,North-East_Meghalaya,1251.0,21.429658889770508,-0.3196393098378226,0.947539292908954,-0.010600392706692219,6.446148872375488,0.626953661441803,-0.5998600125312805,0.18855838477611542,0.626953661441803,-0.5998600125312805,0.18855838477611542,1,0.0,1
SMP_0076,5257,10203,91.83430555555556,25.539583333333333,2,North-East_Meghalaya,1782.0,5.994548797607422,0.981300615395953,0.19248143345144716,0.004494434222579002,6.378335952758789,0.690274178981781,-0.7266473770141602,0.10461798310279846,0.690274178981781,-0.7266473770141602,0.10461798310279846,1,0.0,1
SMP_0077,5312,14369,92.99152777777778,25.524305555555557,2,North-East_Meghalaya,153.0,20.81693458557129,0.5891099912050632,0.8080528561068083,0.0035745075438171625,5.784815788269043,0.850927472114563,-0.7524067163467407,0.26865631341934204,0.850927472114563,-0.7524067163467407,0.26865631341934204,1,0.0,1
SMP_0078,5323,4435,90.23208333333334,25.52125,1,North-West_Meghalaya,585.0,16.273134231567383,-0.8746896770633305,-0.4846833696743129,0.004957313183695078,6.049069404602051,nan,nan,nan,0.6403788626194,-0.6150324940681458,0.14333602786064148,0,0.0,1
SMP_0079,5328,8171,91.26986111111111,25.519861111111112,2,North-East_Meghalaya,1349.0,10.473287582397461,0.4846406821180592,0.8747133297464618,-0.005425565876066685,6.505938529968262,0.7705705165863037,-0.72134929895401,0.1574670523405075,0.7705705165863037,-0.72134929895401,0.1574670523405075,1,0.0,1
SMP_0080,5334,10666,91.96291666666667,25.518194444444443,2,North-East_Meghalaya,1613.0,3.8396270275115967,0.2669698020806864,0.9637048950674678,-0.002498423680663109,8.078733444213867,0.458404541015625,-0.5635020136833191,-0.014294708147644997,0.458404541015625,-0.5635020136833191,-0.014294708147644997,1,0.0,1
SMP_0081,5345,4391,90.21986111111111,25.515138888888888,1,North-West_Meghalaya,367.0,7.602618217468262,0.033558848629112736,-0.9994367432102386,0.004939830396324396,6.138458728790283,0.3844599723815918,-0.3973146677017212,-0.03244316950440407,0.3844599723815918,-0.3973146677017212,-0.03244316950440407,1,0.0,1
SMP_0082,5347,4328,90.20236111111112,25.514583333333334,1,North-West_Meghalaya,307.0,19.523052215576172,-0.6316442843553549,0.7752583427743371,0.004290904849767685,5.566928386688232,0.20945125818252563,-0.26632100343704224,-0.02727242186665535,0.20945125818252563,-0.26632100343704224,-0.02727242186665535,1,0.0,1
SMP_0083,5348,4380,90.21680555555555,25.514305555555556,1,North-West_Meghalaya,317.0,12.64869213104248,-0.9181287802903001,-0.3962821504971501,0.00013353906979318708,9.520831108093262,0.4944944977760315,-0.4789840877056122,0.07105494290590286,0.4944944977760315,-0.4789840877056122,0.07105494290590286,1,0.0,1
SMP_0084,5358,4374,90.21513888888889,25.51152777777778,1,North-West_Meghalaya,307.0,4.369205474853516,-0.8793538288205924,-0.47616892353298756,-0.0012354243081063032,8.401070594787598,0.21051882207393646,-0.25698140263557434,-0.08220400661230087,0.21051882207393646,-0.25698140263557434,-0.08220400661230087,1,0.0,1
SMP_0085,5369,4388,90.21902777777778,25.508472222222224,1,North-West_Meghalaya,315.0,10.671082496643066,-0.9032736437678065,0.4290649420244328,-0.0009014114621095359,6.19911527633667,nan,nan,nan,0.6403788626194,-0.6150324940681458,0.14333602786064148,0,0.0,1
SMP_0086,5397,3922,90.08958333333334,25.500694444444445,1,North-West_Meghalaya,50.0,6.635617256164551,0.23099410771397552,-0.9729551491211834,-2.3554535800940357e-05,6.681373119354248,0.20339004695415497,-0.3286523222923279,-0.21736177802085876,0.20339004695415497,-0.3286523222923279,-0.21736177802085876,1,0.0,1
SMP_0087,5430,8171,91.26986111111111,25.491527777777776,2,North-East_Meghalaya,1496.0,11.536314010620117,0.24134948561999517,-0.9704382648015091,0.002401410834863782,5.713702201843262,0.7239075899124146,-0.7283896803855896,0.11957990378141403,0.7239075899124146,-0.7283896803855896,0.11957990378141403,1,0.0,1
SMP_0088,5533,11563,92.21208333333334,25.462916666666665,2,North-East_Meghalaya,1382.0,6.8791680335998535,-0.7422367467283865,0.6701377558428275,0.004160188604146242,6.23952579498291,nan,nan,nan,0.6403788626194,-0.6150324940681458,0.14333602786064148,0,0.0,1
SMP_0089,5622,10076,91.79902777777778,25.438194444444445,2,North-East_Meghalaya,1884.0,3.109365224838257,-0.9888625236937855,0.14883181526124573,0.003943528048694134,7.0374436378479,0.7563905119895935,-0.7459490895271301,0.15611770749092102,0.7563905119895935,-0.7459490895271301,0.15611770749092102,1,0.0,1
SMP_0090,5832,10367,91.87986111111111,25.37986111111111,2,North-East_Meghalaya,1326.0,30.588939666748047,0.9915232940700668,-0.12992904723903648,0.004731881897896528,4.650323867797852,0.9127347469329834,-0.8235457539558411,0.34726011753082275,0.9127347469329834,-0.8235457539558411,0.34726011753082275,1,0.0,1
SMP_0091,5899,11824,92.28458333333333,25.36125,2,North-East_Meghalaya,1227.0,3.2089343070983887,0.9575073265944748,-0.2884089449339286,0.0012752998154610395,8.104472160339355,0.27732613682746887,-0.38601237535476685,-0.1777820736169815,0.27732613682746887,-0.38601237535476685,-0.1777820736169815,1,0.0,1
SMP_0092,5964,11842,92.28958333333334,25.343194444444443,2,North-East_Meghalaya,1206.0,2.561072587966919,1.0,6.123233995736766e-17,0.0006101758917793632,7.231752395629883,0.20547768473625183,-0.33007434010505676,-0.24351277947425842,0.20547768473625183,-0.33007434010505676,-0.24351277947425842,1,0.0,1
SMP_0093,6102,10458,91.90513888888889,25.304861111111112,2,North-East_Meghalaya,1342.0,6.298101425170898,0.8102890669069196,0.5860303985725601,-0.0005540411802940071,6.32855749130249,0.8153589367866516,-0.7615573406219482,0.2107076644897461,0.8153589367866516,-0.7615573406219482,0.2107076644897461,1,0.0,1
SMP_0094,6139,13802,92.83402777777778,25.294583333333332,2,North-East_Meghalaya,889.0,15.94360065460205,-0.7825352057822436,0.6226063376736071,-0.005321468226611614,5.78296422958374,0.6854113340377808,-0.6926443576812744,0.1207413375377655,0.6854113340377808,-0.6926443576812744,0.1207413375377655,1,0.0,1
SMP_0095,6227,9836,91.73236111111112,25.270138888888887,2,North-East_Meghalaya,1305.0,0.345313161611557,-0.7417046769712443,0.6707266001576068,0.0010454235598444939,9.236136436462402,0.08560993522405624,-0.1603700816631317,-0.16764739155769348,0.08560993522405624,-0.1603700816631317,-0.16764739155769348,1,0.0,1
SMP_0096,6275,12176,92.38236111111111,25.256805555555555,2,North-East_Meghalaya,801.0,7.891535758972168,-0.7416680576797381,-0.6707670923782447,0.0030405542347580194,7.6047797203063965,0.3471401333808899,-0.4018058478832245,0.008344607427716255,0.3471401333808899,-0.4018058478832245,0.008344607427716255,1,0.0,1
SMP_0097,6410,5597,90.55486111111111,25.219305555555557,1,North-West_Meghalaya,270.0,10.337227821350098,-0.07349125931515219,0.9972958612188627,0.0021212499123066664,6.231624603271484,nan,nan,nan,0.6403788626194,-0.6150324940681458,0.14333602786064148,0,0.0,1
SMP_0098,6469,5606,90.5573611111111,25.202916666666667,1,North-West_Meghalaya,145.0,18.576702117919922,-0.7045533639743571,-0.7096510109289051,-0.0026647995691746473,5.9081573486328125,nan,nan,nan,0.6403788626194,-0.6150324940681458,0.14333602786064148,0,0.0,1
SMP_0099,6651,14208,92.94680555555556,25.152361111111112,2,North-East_Meghalaya,983.0,2.5759334564208984,-0.8933965396465708,-0.4492689872977359,0.005905155558139086,7.225958824157715,nan,nan,nan,0.6403788626194,-0.6150324940681458,0.14333602786064148,0,0.0,1
SMP_0100,6690,12170,92.38069444444444,25.141527777777778,2,North-East_Meghalaya,165.0,8.823725700378418,0.978058836343307,-0.20832885698043901,0.0021250133868306875,5.98745059967041,0.655652642250061,-0.6244233250617981,0.16357320547103882,0.655652642250061,-0.6244233250617981,0.16357320547103882,1,0.0,1
SMP_0101,6732,12095,92.35986111111112,25.12986111111111,2,North-East_Meghalaya,368.0,20.374431610107422,-0.8656256532634522,-0.5006917498943053,-0.006926453672349453,7.513018608093262,0.837678074836731,-0.7571359872817993,0.388197660446167,0.837678074836731,-0.7571359872817993,0.388197660446167,1,0.0,1
SMP_0102,6773,13874,92.85402777777777,25.118472222222223,2,North-East_Meghalaya,161.0,15.242063522338867,0.7700965982879664,-0.6379272915507711,0.0029792466666549444,5.830263614654541,nan,nan,nan,0.6403788626194,-0.6150324940681458,0.14333602786064148,0,0.0,1
SMP_0103,6777,13886,92.85736111111112,25.117361111111112,2,North-East_Meghalaya,154.0,8.946410179138184,-0.3119599081710545,-0.9500952666411444,-0.0013420323375612497,6.88970947265625,nan,nan,nan,0.6403788626194,-0.6150324940681458,0.14333602786064148,0,0.0,1
SMP_0104,6857,12084,92.35680555555555,25.09513888888889,2,North-East_Meghalaya,241.0,25.292943954467773,-0.9729603778553158,-0.23097208299628147,0.0021141169127076864,5.27970027923584,0.8551760315895081,-0.7695775628089905,0.32542917132377625,0.8551760315895081,-0.7695775628089905,0.32542917132377625,1,0.0,1
SMP_0105,6880,13878,92.85513888888889,25.08875,2,North-East_Meghalaya,264.0,25.376285552978516,0.15056423152984008,0.9886002286990575,-0.0019387496868148446,5.275939464569092,nan,nan,nan,0.6403788626194,-0.6150324940681458,0.14333602786064148,0,0.0,1
SMP_0106,6937,12108,92.36347222222223,25.072916666666668,2,North-East_Meghalaya,134.0,6.907342433929443,-0.8841703548266292,0.46716462156904875,0.004510127939283848,6.235398769378662,0.29408907890319824,-0.3385571539402008,0.004377476405352354,0.29408907890319824,-0.3385571539402008,0.004377476405352354,1,0.0,1
SMP_0107,6972,13688,92.80236111111111,25.063194444444445,2,North-East_Meghalaya,103.0,15.347010612487793,0.4390242534931408,-0.8984752110352241,0.009133882820606232,5.823064804077148,nan,nan,nan,0.6403788626194,-0.6150324940681458,0.14333602786064148,0,0.0,1
SMP_0108,7028,13683,92.80097222222223,25.04763888888889,2,North-East_Meghalaya,194.0,33.6607780456543,0.9715721499592492,0.23674365339658462,-0.004567552357912064,5.447481632232666,nan,nan,nan,0.6403788626194,-0.6150324940681458,0.14333602786064148,0,0.0,1
SMP_0109,7085,12321,92.42263888888888,25.031805555555557,2,North-East_Meghalaya,159.0,12.759642601013184,0.4137311742514386,-0.9103990967990498,0.0010659260442480445,5.609831809997559,0.6276909112930298,-0.6323013305664062,0.09410884976387024,0.6276909112930298,-0.6323013305664062,0.09410884976387024,1,0.0,1
SMP_0110,7085,12450,92.45847222222223,25.031805555555557,2,North-East_Meghalaya,89.0,20.77117919921875,-0.7410525231379789,-0.6714470626570909,-0.0035611242055892944,5.787221908569336,0.3274402320384979,-0.36830535531044006,-0.046895887702703476,0.3274402320384979,-0.36830535531044006,-0.046895887702703476,1,0.0,1
SMP_0111,7226,16180,93.49458333333334,24.99263888888889,3,Central_Transition,1137.0,7.634738922119141,-0.998179465694295,0.06031379830728258,-0.00013803284673485905,6.5396575927734375,nan,nan,nan,0.6403788626194,-0.6150324940681458,0.14333602786064148,0,0.0,1
SMP_0112,7227,16200,93.50013888888888,24.992361111111112,3,Central_Transition,1223.0,11.082022666931152,0.9108338719031208,0.41277313114345177,0.006280718371272087,5.754940509796143,nan,nan,nan,0.6403788626194,-0.6150324940681458,0.14333602786064148,0,0.0,1
SMP_0113,7243,16195,93.49875,24.987916666666667,3,Central_Transition,1202.0,16.256072998046875,-0.8412320134962806,-0.5406743007291853,-0.006139239761978388,6.27332067489624,nan,nan,nan,0.6403788626194,-0.6150324940681458,0.14333602786064148,0,0.0,1
SMP_0114,7254,13827,92.84097222222222,24.984861111111112,3,Central_Transition,252.0,19.746183395385742,-0.9815034962158177,0.1914442135874738,-0.003906369674950838,5.554623126983643,nan,nan,nan,0.6403788626194,-0.6150324940681458,0.14333602786064148,0,0.0,1
SMP_0115,7261,16222,93.50625,24.982916666666668,3,Central_Transition,1300.0,31.30124855041504,0.49141546638583344,0.8709252777344298,0.0009483911562711,6.008427619934082,nan,nan,nan,0.6403788626194,-0.6150324940681458,0.14333602786064148,0,0.0,1
SMP_0116,7265,16251,93.51430555555555,24.981805555555557,3,Central_Transition,1249.0,7.294994831085205,0.5225586239136092,0.852603357120716,-0.0011581514263525605,11.465970993041992,nan,nan,nan,0.6403788626194,-0.6150324940681458,0.14333602786064148,0,0.0,1
SMP_0117,7277,16209,93.5026388888889,24.978472222222223,3,Central_Transition,1305.0,16.33157730102539,-0.943596279853872,0.3310982643354286,-0.0032865030225366354,5.757601261138916,nan,nan,nan,0.6403788626194,-0.6150324940681458,0.14333602786064148,0,0.0,1
SMP_0118,7319,16379,93.54986111111111,24.966805555555556,3,Central_Transition,574.0,22.173185348510742,-0.8315438794377875,-0.5554590683115672,-0.0008151763468049467,5.022217750549316,nan,nan,nan,0.6403788626194,-0.6150324940681458,0.14333602786064148,0,0.0,1
SMP_0119,7419,16188,93.49680555555555,24.939027777777778,3,Central_Transition,1230.0,26.307584762573242,-0.9197641875573083,-0.3924714502827495,-0.00222964258864522,4.829037189483643,nan,nan,nan,0.6403788626194,-0.6150324940681458,0.14333602786064148,0,0.0,1
SMP_0120,7431,17439,93.84430555555555,24.935694444444444,3,Central_Transition,855.0,2.3148748874664307,1.2246467991473532e-16,-1.0,0.0010421528713777661,7.332944869995117,nan,nan,nan,0.6403788626194,-0.6150324940681458,0.14333602786064148,0,0.0,1
SMP_0121,7439,17379,93.82763888888888,24.93347222222222,3,Central_Transition,1033.0,16.196901321411133,0.9975760549465718,0.06958458591695775,0.008957230485975742,5.360878944396973,nan,nan,nan,0.6403788626194,-0.6150324940681458,0.14333602786064148,0,0.0,1
SMP_0122,7546,16153,93.48708333333333,24.90375,3,Central_Transition,1265.0,35.12376022338867,-0.7349585167066794,-0.6781120694400871,0.0003311249311082065,5.729165554046631,nan,nan,nan,0.6403788626194,-0.6150324940681458,0.14333602786064148,0,0.0,1
SMP_0123,7574,16184,93.49569444444444,24.895972222222223,3,Central_Transition,1074.0,23.853641510009766,0.9776432396611995,0.2102705303763572,0.0010459742043167353,4.940675258636475,nan,nan,nan,0.6403788626194,-0.6150324940681458,0.14333602786064148,0,0.0,1
SMP_0124,7679,12087,92.35763888888889,24.866805555555555,3,Central_Transition,23.0,2.0413877964019775,1.0,6.123233995736766e-17,-0.0,8.151938438415527,0.2522183954715729,-0.342280775308609,-0.037099581211805344,0.2522183954715729,-0.342280775308609,-0.037099581211805344,1,0.0,1
SMP_0125,7689,16638,93.62180555555555,24.86402777777778,3,Central_Transition,360.0,21.503173828125,-0.8255467902114905,-0.564333675383195,0.0014482404803857207,5.056087017059326,nan,nan,nan,0.6403788626194,-0.6150324940681458,0.14333602786064148,0,0.0,1
SMP_0126,7786,17686,93.91291666666666,24.837083333333332,3,Central_Transition,805.0,21.139814376831055,-0.43776330311748574,-0.8990902571175312,0.0007376695866696537,5.480275630950928,nan,nan,nan,0.6403788626194,-0.6150324940681458,0.14333602786064148,0,0.0,1
SMP_0127,7793,17636,93.89902777777777,24.83513888888889,3,Central_Transition,937.0,30.714405059814453,0.9971949950884745,0.07484745667353813,0.006063253153115511,5.338478088378906,nan,nan,nan,0.6403788626194,-0.6150324940681458,0.14333602786064148,0,0.0,1
SMP_0128,7817,16536,93.59347222222222,24.82847222222222,3,Central_Transition,730.0,38.837406158447266,-0.3153474476757925,-0.9489762838155458,-0.0062365345656871796,4.746876239776611,nan,nan,nan,0.6403788626194,-0.6150324940681458,0.14333602786064148,0,0.0,1
SMP_0129,7820,16265,93.51819444444445,24.827638888888888,3,Central_Transition,475.0,38.26722717285156,-0.9373185038080121,-0.3484738475396822,-0.0037452594842761755,5.278120517730713,nan,nan,nan,0.6403788626194,-0.6150324940681458,0.14333602786064148,0,0.0,1
SMP_0130,7855,13522,92.75625,24.817916666666665,3,Central_Transition,21.0,0.510347843170166,1.0,6.123233995736766e-17,0.0010454235598444939,8.845480918884277,nan,nan,nan,0.6403788626194,-0.6150324940681458,0.14333602786064148,0,0.0,1
SMP_0131,7868,16359,93.54430555555555,24.814305555555556,3,Central_Transition,553.0,24.564590454101562,0.7989621089249798,-0.6013813669396059,0.008783569559454918,4.907495975494385,nan,nan,nan,0.6403788626194,-0.6150324940681458,0.14333602786064148,0,0.0,1
SMP_0132,7891,14821,93.11708333333334,24.807916666666667,3,Central_Transition,41.0,5.472462177276611,0.3718745801151485,0.9282829830736864,-0.0,6.8755340576171875,nan,nan,nan,0.6403788626194,-0.6150324940681458,0.14333602786064148,0,0.0,1
SMP_0133,7897,17813,93.94819444444444,24.80625,3,Central_Transition,784.0,0.7996912598609924,-0.9571448079875245,0.2896097659653845,0.0014537529787048697,8.396308898925781,nan,nan,nan,0.6403788626194,-0.6150324940681458,0.14333602786064148,0,0.0,1
SMP_0134,7909,16642,93.62291666666667,24.80291666666667,3,Central_Transition,1297.0,27.783153533935547,0.9466549072254774,0.32224910647808297,-0.005096599459648132,5.864041805267334,nan,nan,nan,0.6403788626194,-0.6150324940681458,0.14333602786064148,0,0.0,1
SMP_0135,7922,17812,93.94791666666667,24.799305555555556,3,Central_Transition,784.0,3.911402702331543,0.8466774791714712,0.5321064238137356,0.0026992002967745066,6.807393550872803,nan,nan,nan,0.6403788626194,-0.6150324940681458,0.14333602786064148,0,0.0,1
SMP_0136,7923,17771,93.93652777777778,24.799027777777777,3,Central_Transition,779.0,2.8138363361358643,0.9966120416015439,0.08224620681102816,-0.0012636895989999175,7.137491703033447,nan,nan,nan,0.6403788626194,-0.6150324940681458,0.14333602786064148,0,0.0,1
SMP_0137,7927,14390,92.9973611111111,24.797916666666666,3,Central_Transition,29.0,0.7401612401008606,0.34468873275466805,-0.9387170380428711,0.0010454235598444939,8.473676681518555,nan,nan,nan,0.6403788626194,-0.6150324940681458,0.14333602786064148,0,0.0,1
SMP_0138,7934,17005,93.72375,24.795972222222222,3,Central_Transition,1016.0,32.37887191772461,0.8005600113500334,0.5992525913396073,-0.0020996062085032463,5.966457366943359,nan,nan,nan,0.6403788626194,-0.6150324940681458,0.14333602786064148,0,0.0,1
SMP_0139,8033,13756,92.82125,24.768472222222222,3,Central_Transition,23.0,0.689053475856781,0.7403393405049817,-0.6722333381353894,0.0010454235598444939,8.545232772827148,nan,nan,nan,0.6403788626194,-0.6150324940681458,0.14333602786064148,0,0.0,1
SMP_0140,8035,15878,93.41069444444445,24.767916666666668,3,Central_Transition,499.0,23.13506507873535,-0.9898782758497069,-0.14191898745697007,0.0015419862465932965,5.380445957183838,nan,nan,nan,0.6403788626194,-0.6150324940681458,0.14333602786064148,0,0.0,1
SMP_0141,8055,15962,93.43402777777777,24.76236111111111,3,Central_Transition,677.0,30.181602478027344,0.6276709030273392,-0.778478797073398,0.010280244052410126,5.07208251953125,nan,nan,nan,0.6403788626194,-0.6150324940681458,0.14333602786064148,0,0.0,1
SMP_0142,8084,16214,93.50402777777778,24.754305555555554,3,Central_Transition,400.0,22.878652572631836,0.8439236895455552,0.5364632384644984,-0.0036779523361474276,7.002324104309082,nan,nan,nan,0.6403788626194,-0.6150324940681458,0.14333602786064148,0,0.0,1
SMP_0143,8098,15919,93.42208333333333,24.750416666666666,3,Central_Transition,784.0,13.29397201538086,-0.8477668537708757,0.53036908059146,0.0021836706437170506,5.567359924316406,nan,nan,nan,0.6403788626194,-0.6150324940681458,0.14333602786064148,0,0.0,1
SMP_0144,8100,15959,93.43319444444444,24.749861111111112,3,Central_Transition,475.0,28.789470672607422,0.46982400497532883,-0.8827601057755964,-0.006974889896810055,5.416483402252197,nan,nan,nan,0.6403788626194,-0.6150324940681458,0.14333602786064148,0,0.0,1
SMP_0145,8114,15930,93.4251388888889,24.74597222222222,3,Central_Transition,770.0,4.457656383514404,0.17129039817658198,-0.9852205841802677,0.0003429737698752433,7.081665992736816,nan,nan,nan,0.6403788626194,-0.6150324940681458,0.14333602786064148,0,0.0,1
SMP_0146,8157,17697,93.91597222222222,24.73402777777778,3,Central_Transition,889.0,24.34101104736328,-0.8657881518838187,-0.5004107073770521,0.008269754238426685,4.91785192489624,nan,nan,nan,0.6403788626194,-0.6150324940681458,0.14333602786064148,0,0.0,1
SMP_0147,8274,16304,93.52902777777777,24.701527777777777,3,Central_Transition,666.0,11.609867095947266,0.5630999266539959,0.8263888144222817,0.0022304486483335495,5.707170486450195,nan,nan,nan,0.6403788626194,-0.6150324940681458,0.14333602786064148,0,0.0,1
SMP_0148,8327,17696,93.91569444444444,24.686805555555555,3,Central_Transition,778.0,6.248832702636719,-0.9751584869762566,0.22150829618363743,0.00031187839340418577,6.741939067840576,nan,nan,nan,0.6403788626194,-0.6150324940681458,0.14333602786064148,0,0.0,1
SMP_0149,8425,17922,93.97847222222222,24.659583333333334,3,Central_Transition,777.0,3.1034932136535645,-0.24611612330813248,0.9692403488545945,-0.0023430774454027414,7.955628395080566,nan,nan,nan,0.6403788626194,-0.6150324940681458,0.14333602786064148,0,0.0,1
SMP_0150,8601,12823,92.56208333333333,24.610694444444444,3,Central_Transition,33.0,4.808938503265381,-0.739915437555989,0.6726998924233074,-0.00032826917595230043,7.005481243133545,nan,nan,nan,0.6403788626194,-0.6150324940681458,0.14333602786064148,0,0.0,1
SMP_0151,8638,12173,92.38152777777778,24.600416666666668,3,Central_Transition,89.0,17.307186126708984,-0.6277946659958462,0.7783789933876453,-0.0015346660511568189,5.696108341217041,0.8724692463874817,-0.775611937046051,0.26440203189849854,0.8724692463874817,-0.775611937046051,0.26440203189849854,1,0.0,1
SMP_0152,8889,12643,92.51208333333334,24.530694444444443,3,Central_Transition,65.0,14.553996086120605,0.5648008348013153,0.8252272517359914,-0.0018268425483256578,6.166288375854492,nan,nan,nan,0.6403788626194,-0.6150324940681458,0.14333602786064148,0,0.0,1
SMP_0153,8926,13415,92.72652777777778,24.520416666666666,3,Central_Transition,47.0,1.7964097261428833,0.9916590122225075,-0.12888911310844203,-3.722730980371125e-05,7.586726665496826,nan,nan,nan,0.6403788626194,-0.6150324940681458,0.14333602786064148,0,0.0,1
SMP_0154,8927,13406,92.72402777777778,24.520138888888887,3,Central_Transition,43.0,0.34416425228118896,-0.7396735361365182,0.6729658683315958,0.0,9.239468574523926,nan,nan,nan,0.6403788626194,-0.6150324940681458,0.14333602786064148,0,0.0,1
SMP_0155,9130,12579,92.49430555555556,24.46375,3,Central_Transition,97.0,11.833239555358887,-0.635911753673713,0.7717617777135785,-0.0029961655382066965,6.09303617477417,nan,nan,nan,0.6403788626194,-0.6150324940681458,0.14333602786064148,0,0.0,1
SMP_0156,9461,16944,93.70680555555556,24.371805555555554,3,Central_Transition,811.0,4.137176513671875,0.9203044208601713,0.39120298176934265,0.00021457912225741893,7.444238185882568,nan,nan,nan,0.6403788626194,-0.6150324940681458,0.14333602786064148,0,0.0,1
SMP_0157,9632,14940,93.15013888888889,24.324305555555554,3,Central_Transition,574.0,25.239526748657227,-0.8469556788617972,0.5316635007631727,0.00027434126241132617,4.876650810241699,nan,nan,nan,0.6403788626194,-0.6150324940681458,0.14333602786064148,0,0.0,1
SMP_0158,9695,14850,93.12513888888888,24.306805555555556,3,Central_Transition,753.0,26.59882354736328,0.2480292147703368,0.9687525528329771,0.00701801385730505,5.221756935119629,nan,nan,nan,0.6403788626194,-0.6150324940681458,0.14333602786064148,0,0.0,1
SMP_0159,9705,15054,93.18180555555556,24.304027777777776,3,Central_Transition,846.0,36.83671951293945,-0.4855361797950525,-0.8742165739163417,0.0014647317584604025,5.106653690338135,nan,nan,nan,0.6403788626194,-0.6150324940681458,0.14333602786064148,0,0.0,1
SMP_0160,9821,15409,93.28041666666667,24.271805555555556,3,Central_Transition,1080.0,21.921796798706055,0.8704851669129593,0.49219465070693047,0.0034296857193112373,5.0348286628723145,nan,nan,nan,0.6403788626194,-0.6150324940681458,0.14333602786064148,0,0.0,1
SMP_0161,9966,13231,92.67541666666666,24.231527777777778,3,Central_Transition,682.0,11.93766975402832,0.7758062700671263,-0.6309711810570535,-0.00012935986160300672,6.371674537658691,nan,nan,nan,0.6403788626194,-0.6150324940681458,0.14333602786064148,0,0.0,1
SMP_0162,9991,13244,92.67902777777778,24.224583333333335,3,Central_Transition,654.0,13.87783145904541,0.9329678766782478,0.3599596381352803,0.0024685293901711702,5.522724151611328,nan,nan,nan,0.6403788626194,-0.6150324940681458,0.14333602786064148,0,0.0,1
SMP_0163,10008,15129,93.20263888888888,24.21986111111111,3,Central_Transition,813.0,31.24225616455078,0.891442579336118,0.45313367536144217,-2.053714524663519e-05,5.029919147491455,nan,nan,nan,0.6403788626194,-0.6150324940681458,0.14333602786064148,0,0.0,1
SMP_0164,10334,13291,92.69208333333333,24.129305555555554,3,Central_Transition,830.0,15.522719383239746,0.8771127116204411,0.48028459387517,-0.006425879430025816,5.811110973358154,nan,nan,nan,0.6403788626194,-0.6150324940681458,0.14333602786064148,0,0.0,1
SMP_0165,10648,13220,92.67236111111112,24.042083333333334,3,Central_Transition,813.0,7.427525520324707,0.9507096167391815,0.31008260937956267,-0.0016523294616490602,6.855175495147705,nan,nan,nan,0.6403788626194,-0.6150324940681458,0.14333602786064148,0,0.0,1
SMP_0166,10751,13227,92.67430555555555,24.013472222222223,3,Central_Transition,655.0,37.49436569213867,0.8595106964568259,0.5111177581304548,-0.006492688786238432,7.588336944580078,nan,nan,nan,0.6403788626194,-0.6150324940681458,0.14333602786064148,0,0.0,1
SMP_0167,10785,17933,93.98152777777779,24.00402777777778,3,Central_Transition,1471.0,33.02060317993164,0.9600306997329073,-0.27989472229812445,0.004234270192682743,5.2486724853515625,nan,nan,nan,0.6403788626194,-0.6150324940681458,0.14333602786064148,0,0.0,1
SMP_0168,11339,13428,92.73013888888889,23.85013888888889,5,South-East_Mizoram,692.0,37.0910530090332,-0.017538147099391985,0.999846194870151,-0.006307446863502264,5.502879619598389,nan,nan,nan,0.6403788626194,-0.6150324940681458,0.14333602786064148,0,0.0,1
SMP_0169,11359,14585,93.05152777777778,23.844583333333333,5,South-East_Mizoram,1089.0,28.635066986083984,-0.9551440864402336,-0.2961414765585049,0.0015759754460304976,6.744635105133057,nan,nan,nan,0.6403788626194,-0.6150324940681458,0.14333602786064148,0,0.0,1
SMP_0170,11401,13072,92.63125,23.832916666666666,5,South-East_Mizoram,413.0,6.6261420249938965,0.3423829879754487,-0.9395604767895486,0.000542987952940166,6.682815074920654,nan,nan,nan,0.6403788626194,-0.6150324940681458,0.14333602786064148,0,0.0,1
SMP_0171,11626,12678,92.52180555555556,23.770416666666666,5,South-East_Mizoram,78.0,10.002575874328613,-0.8765488998744515,0.48131281525520253,0.0014071264304220676,6.26523494720459,nan,nan,nan,0.6403788626194,-0.6150324940681458,0.14333602786064148,0,0.0,1
SMP_0172,11685,13468,92.74125,23.75402777777778,5,South-East_Mizoram,981.0,24.668167114257812,0.9424079476798674,0.3344656337350976,0.00024367896548938006,6.774524688720703,nan,nan,nan,0.6403788626194,-0.6150324940681458,0.14333602786064148,0,0.0,1
SMP_0173,11690,13298,92.69402777777778,23.75263888888889,5,South-East_Mizoram,795.0,29.53799057006836,0.6625015612951314,0.74906053245483,-0.0006532631232403219,5.098099231719971,nan,nan,nan,0.6403788626194,-0.6150324940681458,0.14333602786064148,0,0.0,1
SMP_0174,11723,13457,92.73819444444445,23.743472222222223,5,South-East_Mizoram,965.0,12.465956687927246,-0.7191525555168132,-0.6948522158658177,0.0029059092048555613,5.63388729095459,nan,nan,nan,0.6403788626194,-0.6150324940681458,0.14333602786064148,0,0.0,1
SMP_0175,11729,13371,92.71430555555555,23.741805555555555,5,South-East_Mizoram,931.0,15.342448234558105,-0.9174678008211483,0.3978100482094511,-0.004959944635629654,7.720497131347656,nan,nan,nan,0.6403788626194,-0.6150324940681458,0.14333602786064148,0,0.0,1
SMP_0176,11738,13374,92.71513888888889,23.739305555555557,5,South-East_Mizoram,1103.0,33.973358154296875,-0.7667810605605684,0.6419087202754065,0.013913623057305813,4.924857139587402,nan,nan,nan,0.6403788626194,-0.6150324940681458,0.14333602786064148,0,0.0,1
SMP_0177,11747,13353,92.70930555555556,23.736805555555556,5,South-East_Mizoram,1029.0,14.188794136047363,0.3318580726292254,-0.9433293272398647,0.003477089572697878,5.49965238571167,nan,nan,nan,0.6403788626194,-0.6150324940681458,0.14333602786064148,0,0.0,1
SMP_0178,11747,13506,92.75180555555555,23.736805555555556,5,South-East_Mizoram,856.0,30.834531784057617,0.776765287790083,0.6297901933853762,-0.006321450229734182,5.893324851989746,nan,nan,nan,0.6403788626194,-0.6150324940681458,0.14333602786064148,0,0.0,1
SMP_0179,11748,13372,92.71458333333334,23.736527777777777,5,South-East_Mizoram,1014.0,22.146926879882812,-0.8679814759464443,-0.49659657410601643,-0.006727547384798527,6.895331859588623,nan,nan,nan,0.6403788626194,-0.6150324940681458,0.14333602786064148,0,0.0,1
SMP_0180,11753,13358,92.71069444444444,23.73513888888889,5,South-East_Mizoram,947.0,28.0953311920166,0.9926334610874787,0.12115614689107981,-0.003637968795374036,5.445413589477539,nan,nan,nan,0.6403788626194,-0.6150324940681458,0.14333602786064148,0,0.0,1
SMP_0181,11754,13387,92.71875,23.734861111111112,5,South-East_Mizoram,1036.0,13.705455780029297,0.5070068525271761,0.8619420232767899,-0.0031896433793008327,7.732943534851074,nan,nan,nan,0.6403788626194,-0.6150324940681458,0.14333602786064148,0,0.0,1
SMP_0182,11754,13396,92.72125,23.734861111111112,5,South-East_Mizoram,971.0,29.005910873413086,0.5097353340786123,0.8603312671243359,-0.0010014987783506513,5.407554626464844,nan,nan,nan,0.6403788626194,-0.6150324940681458,0.14333602786064148,0,0.0,1
SMP_0183,11759,13490,92.7473611111111,23.733472222222222,5,South-East_Mizoram,880.0,13.761903762817383,-0.631050309292517,-0.7757419075580605,0.0018905979814007878,5.531446933746338,nan,nan,nan,0.6403788626194,-0.6150324940681458,0.14333602786064148,0,0.0,1
SMP_0184,11762,13486,92.74625,23.73263888888889,5,South-East_Mizoram,840.0,32.55601501464844,-0.6501581641281414,-0.7597988955095452,0.004777796100825071,4.978801727294922,nan,nan,nan,0.6403788626194,-0.6150324940681458,0.14333602786064148,0,0.0,1
SMP_0185,11767,13387,92.71875,23.73125,5,South-East_Mizoram,1032.0,16.980602264404297,0.9978069768757944,0.06619091250306053,0.002416228875517845,7.102639198303223,nan,nan,nan,0.6403788626194,-0.6150324940681458,0.14333602786064148,0,0.0,1
SMP_0186,11772,13373,92.7148611111111,23.729861111111113,5,South-East_Mizoram,974.0,20.012569427490234,-0.9820384143359492,0.18868108746913315,-0.0029784112703055143,6.387381553649902,nan,nan,nan,0.6403788626194,-0.6150324940681458,0.14333602786064148,0,0.0,1
SMP_0187,11778,13383,92.71763888888889,23.728194444444444,5,South-East_Mizoram,1082.0,8.09459114074707,-0.9935161432548898,-0.11369113022540213,1.311804044235032e-05,6.480429649353027,nan,nan,nan,0.6403788626194,-0.6150324940681458,0.14333602786064148,0,0.0,1
SMP_0188,11782,13383,92.71763888888889,23.727083333333333,5,South-East_Mizoram,1069.0,16.96745491027832,-0.9117610591450492,-0.4107210379645753,0.005743162706494331,5.717166900634766,nan,nan,nan,0.6403788626194,-0.6150324940681458,0.14333602786064148,0,0.0,1
SMP_0189,11783,13415,92.72652777777778,23.726805555555554,5,South-East_Mizoram,871.0,25.867412567138672,0.8560457527064533,-0.5169000573353052,0.001197148929350078,5.253954887390137,nan,nan,nan,0.6403788626194,-0.6150324940681458,0.14333602786064148,0,0.0,1
SMP_0190,11786,13384,92.71791666666667,23.72597222222222,5,South-East_Mizoram,1067.0,18.508501052856445,-0.9760915228872918,0.21735992948924004,0.00031446144566871226,6.317570686340332,nan,nan,nan,0.6403788626194,-0.6150324940681458,0.14333602786064148,0,0.0,1
SMP_0191,11832,13450,92.73625,23.713194444444444,5,South-East_Mizoram,898.0,17.97079849243164,0.9936894788273942,0.11216603615953338,0.011137998662889004,5.9436774253845215,nan,nan,nan,0.6403788626194,-0.6150324940681458,0.14333602786064148,0,0.0,1
SMP_0192,11899,13955,92.87652777777778,23.694583333333334,5,South-East_Mizoram,577.0,18.21997833251953,0.9924306372717604,-0.12280647460279705,0.00950117688626051,5.235799789428711,nan,nan,nan,0.6403788626194,-0.6150324940681458,0.14333602786064148,0,0.0,1
SMP_0193,11928,14461,93.01708333333333,23.686527777777776,5,South-East_Mizoram,624.0,28.601238250732422,-0.7448296613401739,0.6672546557258944,-0.0004776300338562578,5.829748630523682,nan,nan,nan,0.6403788626194,-0.6150324940681458,0.14333602786064148,0,0.0,1
SMP_0194,12037,14498,93.0273611111111,23.65625,5,South-East_Mizoram,517.0,25.588211059570312,0.20275360209758383,-0.9792297875557374,-0.0016541051445528865,5.266415596008301,nan,nan,nan,0.6403788626194,-0.6150324940681458,0.14333602786064148,0,0.0,1
SMP_0195,12272,14146,92.92958333333334,23.590972222222224,5,South-East_Mizoram,802.0,17.306800842285156,-0.8210719601851453,-0.5708246983073904,0.0039835600182414055,6.676961421966553,nan,nan,nan,0.6403788626194,-0.6150324940681458,0.14333602786064148,0,0.0,1
SMP_0196,12457,15761,93.37819444444445,23.539583333333333,5,South-East_Mizoram,1567.0,10.828100204467773,-0.11526582256872824,-0.9933346818406948,0.002595812315121293,8.611907958984375,nan,nan,nan,0.6403788626194,-0.6150324940681458,0.14333602786064148,0,0.0,1
SMP_0197,12687,15581,93.32819444444445,23.475694444444443,5,South-East_Mizoram,1446.0,10.831745147705078,0.36854506340588455,-0.9296098838970853,-0.0019351112423464656,6.183815002441406,nan,nan,nan,0.6403788626194,-0.6150324940681458,0.14333602786064148,0,0.0,1
SMP_0198,12781,13720,92.81125,23.449583333333333,5,South-East_Mizoram,869.0,39.0273551940918,0.8752069137630655,0.4837487551418918,0.0016414469573646784,4.334629058837891,nan,nan,nan,0.6403788626194,-0.6150324940681458,0.14333602786064148,0,0.0,1
SMP_0199,13114,13636,92.78791666666666,23.357083333333332,5,South-East_Mizoram,1380.0,9.973214149475098,-0.5258524419866261,-0.8505758104112191,0.014526767656207085,5.862770080566406,nan,nan,nan,0.6403788626194,-0.6150324940681458,0.14333602786064148,0,0.0,1
SMP_0200,13161,14669,93.0748611111111,23.34402777777778,5,South-East_Mizoram,1350.0,34.02311706542969,0.8934845232941431,-0.4490939841879847,0.00860994216054678,4.922983646392822,nan,nan,nan,0.6403788626194,-0.6150324940681458,0.14333602786064148,0,0.0,1
SMP_0201,13193,13874,92.85402777777777,23.33513888888889,5,South-East_Mizoram,916.0,26.039155960083008,-0.9911988935310891,0.1323810917871001,-0.0034395535476505756,5.534019470214844,nan,nan,nan,0.6403788626194,-0.6150324940681458,0.14333602786064148,0,0.0,1
SMP_0202,13284,13859,92.84986111111111,23.30986111111111,5,South-East_Mizoram,912.0,30.517026901245117,-0.9931805639078803,-0.1165863091260071,-0.0018672867445275187,5.346338272094727,nan,nan,nan,0.6403788626194,-0.6150324940681458,0.14333602786064148,0,0.0,1
SMP_0203,14730,12499,92.47208333333333,22.908194444444444,4,South-West_Mizoram,183.0,20.68342399597168,-0.5812062822911886,-0.8137562641388729,0.006869996897876263,5.504167079925537,nan,nan,nan,0.6403788626194,-0.6150324940681458,0.14333602786064148,0,0.0,1
SMP_0204,14803,13434,92.73180555555555,22.887916666666666,5,South-East_Mizoram,759.0,23.054113388061523,0.3402347380934374,0.9403405356542331,0.0006327751907519996,4.978896617889404,nan,nan,nan,0.6403788626194,-0.6150324940681458,0.14333602786064148,0,0.0,1
SMP_0205,14854,13529,92.75819444444444,22.87375,5,South-East_Mizoram,1028.0,5.8853654861450195,0.8086903731993484,0.5882345453088407,0.002758325543254614,6.396850109100342,nan,nan,nan,0.6403788626194,-0.6150324940681458,0.14333602786064148,0,0.0,1
SMP_0206,15416,13829,92.84152777777778,22.71763888888889,5,South-East_Mizoram,747.0,26.20615577697754,0.9527093787247082,0.30388293747754336,0.00018449327035341412,4.833498954772949,nan,nan,nan,0.6403788626194,-0.6150324940681458,0.14333602786064148,0,0.0,1
SMP_0207,16081,14036,92.89902777777777,22.532916666666665,5,South-East_Mizoram,804.0,15.079445838928223,-0.9908416041585586,-0.13502931336748444,-0.007307455409318209,6.53465461730957,0.2623782753944397,-0.3165416717529297,-0.06726396083831787,0.2623782753944397,-0.3165416717529297,-0.06726396083831787,1,0.0,1
SMP_0208,16275,14281,92.96708333333333,22.479027777777777,5,South-East_Mizoram,449.0,24.3946533203125,0.8392575169059266,-0.5437341448878286,-0.006748972460627556,6.861270904541016,0.7682612538337708,-0.7375381588935852,0.08566003292798996,0.7682612538337708,-0.7375381588935852,0.08566003292798996,1,0.0,1
SMP_0209,10310,14695,93.08208333333333,24.13597222222222,3,Central_Transition,370.0,25.052005767822266,0.5307121571330043,0.8475521259906279,0.0014265577774494886,7.905584335327148,nan,nan,nan,0.6403788626194,-0.6150324940681458,0.14333602786064148,0,16331.2822265625,0
SMP_0210,2938,11163,92.10097222222223,26.18375,2,North-East_Meghalaya,57.0,2.7839560508728027,-0.5558186568833814,0.831303567092283,0.002589220181107521,7.148184299468994,nan,nan,nan,0.6403788626194,-0.6150324940681458,0.14333602786064148,0,20530.802734375,0
SMP_0211,16625,16645,93.62375,22.381805555555555,5,South-East_Mizoram,1452.0,32.40998840332031,-0.488915845784213,0.8723309553954323,0.0034141899086534977,4.578962326049805,nan,nan,nan,0.6403788626194,-0.6150324940681458,0.14333602786064148,0,73813.9921875,0
SMP_0212,5016,10483,91.91208333333333,25.606527777777778,2,North-East_Meghalaya,1523.0,24.243370056152344,-0.6768925148244949,0.7360818727387403,-0.004395401105284691,5.838687419891357,0.7091741561889648,-0.6994234323501587,0.26357781887054443,0.7091741561889648,-0.6994234323501587,0.26357781887054443,1,3381.581787109375,0
SMP_0213,2766,9202,91.55625,26.231527777777778,2,North-East_Meghalaya,48.0,1.0327080488204956,1.0,6.123233995736766e-17,0.0012991289841011167,8.140551567077637,nan,nan,nan,0.6403788626194,-0.6150324940681458,0.14333602786064148,0,13789.150390625,0
SMP_0214,2170,8211,91.28097222222222,26.397083333333335,2,North-East_Meghalaya,40.0,1.3882840871810913,-0.7448723079780127,0.6672070479300325,-0.0011877395445480943,8.760870933532715,nan,nan,nan,0.6403788626194,-0.6150324940681458,0.14333602786064148,0,7888.173828125,0
SMP_0215,8699,17107,93.75208333333333,24.583472222222223,3,Central_Transition,790.0,3.1904361248016357,0.9570010011963953,-0.2900846147404184,-0.0018761050887405872,7.927943706512451,nan,nan,nan,0.6403788626194,-0.6150324940681458,0.14333602786064148,0,21517.41796875,0
SMP_0216,14525,16579,93.60541666666667,22.965138888888887,5,South-East_Mizoram,1358.0,35.322505950927734,-0.8983642259914203,0.43925131469221157,-0.00101148197427392,5.162187576293945,nan,nan,nan,0.6403788626194,-0.6150324940681458,0.14333602786064148,0,64600.2890625,0
SMP_0217,16442,14833,93.12041666666667,22.43263888888889,5,South-East_Mizoram,1290.0,40.57548522949219,0.8630673591733791,-0.5050888372647819,0.016042646020650864,4.279680252075195,nan,nan,nan,0.6403788626194,-0.6150324940681458,0.14333602786064148,0,17813.091796875,0
SMP_0218,4990,10410,91.89180555555555,25.61375,2,North-East_Meghalaya,1339.0,3.050644874572754,-0.9252920364512844,0.37925538530103287,-0.002552693709731102,10.79421615600586,0.8369821310043335,-0.7705646753311157,0.2776721715927124,0.8369821310043335,-0.7705646753311157,0.2776721715927124,1,3430.73779296875,0
SMP_0219,8939,11093,92.08152777777778,24.516805555555557,3,Central_Transition,36.0,3.168168306350708,0.48161462345991807,0.8763831094159457,-0.0051826611161231995,7.424136161804199,0.5143488049507141,-0.5837249755859375,-0.0713251382112503,0.5143488049507141,-0.5837249755859375,-0.0713251382112503,1,34629.84765625,0
SMP_0220,692,2872,89.79791666666667,26.80763888888889,1,North-West_Meghalaya,1143.0,43.66761016845703,-0.9537248786137975,-0.3006806543712068,-0.0011877837823703885,4.576608657836914,nan,nan,nan,0.6403788626194,-0.6150324940681458,0.14333602786064148,0,92020.578125,0
SMP_0221,13026,14717,93.08819444444444,23.381527777777777,5,South-East_Mizoram,974.0,6.121371746063232,-0.6570397138304022,0.7538559639942257,0.005240792408585548,6.357243537902832,nan,nan,nan,0.6403788626194,-0.6150324940681458,0.14333602786064148,0,4425.5439453125,0
SMP_0222,6835,5022,90.3951388888889,25.10125,1,North-West_Meghalaya,14.0,2.3148748874664307,1.2246467991473532e-16,-1.0,-0.0010421528713777661,7.332944869995117,nan,nan,nan,0.6403788626194,-0.6150324940681458,0.14333602786064148,0,21288.009765625,0
SMP_0223,2676,2550,89.70847222222223,26.256527777777777,1,North-West_Meghalaya,32.0,1.4660584926605225,-0.8806065830315705,-0.47384812537506343,-0.000896272249519825,9.661850929260254,nan,nan,nan,0.6403788626194,-0.6150324940681458,0.14333602786064148,0,63075.00390625,0
SMP_0224,11082,12896,92.58236111111111,23.92152777777778,5,South-East_Mizoram,715.0,25.542667388916016,-0.7865716581333276,-0.6174990094092359,-0.0007624895079061389,5.268457412719727,nan,nan,nan,0.6403788626194,-0.6150324940681458,0.14333602786064148,0,11253.2705078125,0
SMP_0225,2371,14387,92.99652777777777,26.34125,2,North-East_Meghalaya,507.0,6.933560848236084,0.07418604043763252,-0.9972444190890145,0.003078158013522625,6.231573104858398,nan,nan,nan,0.6403788626194,-0.6150324940681458,0.14333602786064148,0,26945.869140625,0
SMP_0226,16478,17060,93.73902777777778,22.42263888888889,5,South-East_Mizoram,1229.0,15.274910926818848,0.3202542071863496,-0.9473316435016,0.0005683345370925963,5.422540664672852,nan,nan,nan,0.6403788626194,-0.6150324940681458,0.14333602786064148,0,86065.0703125,0
SMP_0227,20553,14364,92.9901388888889,21.290694444444444,5,South-East_Mizoram,650.0,12.00980281829834,-0.95851815763381,0.28503147455375266,0.00336928921751678,5.672323703765869,0.8093546628952026,-0.7365841269493103,0.27124473452568054,0.8093546628952026,-0.7365841269493103,0.27124473452568054,1,132161.59375,0
SMP_0228,19328,12587,92.49652777777777,21.630972222222223,4,South-West_Mizoram,367.0,19.510398864746094,0.8713956567859141,0.4905808896957212,-0.007353293709456921,6.260776996612549,0.880122184753418,-0.8079957365989685,0.2752338647842407,0.880122184753418,-0.8079957365989685,0.2752338647842407,1,107843.140625,0
SMP_0229,13032,13262,92.68402777777777,23.37986111111111,5,South-East_Mizoram,369.0,35.80995178222656,-0.9827581226617104,0.18489584187436625,-0.010284212417900562,4.8565239906311035,nan,nan,nan,0.6403788626194,-0.6150324940681458,0.14333602786064148,0,11826.3232421875,0
SMP_0230,2389,13108,92.64125,26.33625,2,North-East_Meghalaya,63.0,0.8091170191764832,0.9581592649256476,0.28623560756331934,-0.0013014754513278604,10.949539184570312,nan,nan,nan,0.6403788626194,-0.6150324940681458,0.14333602786064148,0,48789.78515625,0
SMP_0231,10287,11019,92.06097222222222,24.14236111111111,3,Central_Transition,79.0,13.424307823181152,0.9279915197597886,0.3726013140796983,0.0005779284401796758,5.557240962982178,nan,nan,nan,0.6403788626194,-0.6150324940681458,0.14333602786064148,0,26406.5546875,0
SMP_0232,12370,10943,92.03986111111111,23.56375,4,South-West_Mizoram,108.0,11.281787872314453,-0.8621833654901141,-0.5065963326674802,-0.0028106903191655874,6.429759979248047,0.7034199237823486,-0.6372166872024536,0.1561397910118103,0.7034199237823486,-0.6372166872024536,0.1561397910118103,1,37134.0859375,0
SMP_0233,6161,8544,91.37347222222222,25.28847222222222,2,North-East_Meghalaya,777.0,31.741167068481445,0.5059139929933876,-0.8625839273331533,0.0009352599154226482,5.991199493408203,0.8263000845909119,-0.7509434819221497,0.25153258442878723,0.8263000845909119,-0.7509434819221497,0.25153258442878723,1,25348.271484375,0
SMP_0234,121,2518,89.69958333333334,26.96625,1,North-West_Meghalaya,2344.0,21.72522735595703,0.6829657269755429,0.7304504197936833,-0.0003584985970519483,6.297532558441162,nan,nan,nan,0.6403788626194,-0.6150324940681458,0.14333602786064148,0,109685.859375,0
SMP_0235,14431,11150,92.09736111111111,22.99125,4,South-West_Mizoram,180.0,21.629859924316406,-0.9745252338539693,-0.22427788250709518,0.004071452654898167,5.049618721008301,0.47196823358535767,-0.5420710444450378,-0.03265594691038132,0.47196823358535767,-0.5420710444450378,-0.03265594691038132,1,42328.10546875,0
SMP_0236,10590,17289,93.8026388888889,24.058194444444446,3,Central_Transition,962.0,23.398517608642578,-0.19438712444854941,0.9809248930721578,-0.0037532721180468798,5.87860107421875,nan,nan,nan,0.6403788626194,-0.6150324940681458,0.14333602786064148,0,20783.431640625,0
SMP_0237,568,4613,90.28152777777778,26.842083333333335,1,North-West_Meghalaya,258.0,6.233973503112793,-0.5806578579079854,-0.8141476844220032,0.00023390275600831956,7.0320210456848145,nan,nan,nan,0.6403788626194,-0.6150324940681458,0.14333602786064148,0,50638.8671875,0
SMP_0238,6822,7109,90.97486111111111,25.104861111111113,1,North-West_Meghalaya,8.0,1.7251545190811157,0.5928720557524655,0.8052966692516773,0.0023192402441054583,7.627225875854492,nan,nan,nan,0.6403788626194,-0.6150324940681458,0.14333602786064148,0,47687.1171875,0
SMP_0239,2817,2722,89.75625,26.21736111111111,1,North-West_Meghalaya,33.0,0.808356523513794,0.958078767200801,-0.2865049316137392,0.0,8.385530471801758,nan,nan,nan,0.6403788626194,-0.6150324940681458,0.14333602786064148,0,57267.5390625,0
SMP_0240,6455,14383,92.99541666666667,25.206805555555555,2,North-East_Meghalaya,324.0,15.321493148803711,-0.9458491228102045,0.32460658785546337,-0.008539069443941116,5.824810981750488,nan,nan,nan,0.6403788626194,-0.6150324940681458,0.14333602786064148,0,3343.848388671875,0
SMP_0241,14877,11248,92.12458333333333,22.867361111111112,4,South-West_Mizoram,70.0,10.089652061462402,0.8382887456873129,-0.5452265390220762,0.0043779825791716576,5.850922107696533,nan,nan,nan,0.6403788626194,-0.6150324940681458,0.14333602786064148,0,38906.11328125,0
SMP_0242,8272,10995,92.05430555555556,24.702083333333334,3,Central_Transition,19.0,1.0573773384094238,-0.48216254058386354,-0.8760817795489837,0.0011660553282126784,8.116939544677734,0.6044657826423645,-0.5754483938217163,0.09189000725746155,0.6044657826423645,-0.5754483938217163,0.09189000725746155,1,38101.20703125,0
SMP_0243,6464,4287,90.19097222222223,25.204305555555557,1,North-West_Meghalaya,43.0,5.428380966186523,-0.9403113671084101,-0.3403153433019334,0.0012546107172966003,6.47820520401001,nan,nan,nan,0.6403788626194,-0.6150324940681458,0.14333602786064148,0,33965.3828125,0
SMP_0244,6685,14345,92.98486111111112,25.142916666666668,2,North-East_Meghalaya,724.0,18.67686653137207,0.937938152987885,-0.34680256799752046,0.005429343786090612,5.209234237670898,nan,nan,nan,0.6403788626194,-0.6150324940681458,0.14333602786064148,0,4359.9541015625,0
SMP_0245,12464,15156,93.21013888888889,23.53763888888889,5,South-East_Mizoram,1107.0,12.352863311767578,-0.0805340343132979,-0.9967518594500964,0.003122373716905713,6.336439609527588,nan,nan,nan,0.6403788626194,-0.6150324940681458,0.14333602786064148,0,14824.51953125,0
SMP_0246,14865,11096,92.08236111111111,22.870694444444446,4,South-West_Mizoram,42.0,3.4265074729919434,-0.586197086286473,0.8101684861985495,0.0018987859366461635,6.940110206604004,0.5886957049369812,-0.6016502976417542,0.20810864865779877,0.5886957049369812,-0.6016502976417542,0.20810864865779877,1,43535.31640625,0
SMP_0247,12707,16537,93.59375,23.47013888888889,5,South-East_Mizoram,1156.0,31.768083572387695,0.7685985982103012,-0.6397313458235105,-0.0006018290878273547,5.009320259094238,nan,nan,nan,0.6403788626194,-0.6150324940681458,0.14333602786064148,0,25181.857421875,0
SMP_0248,6356,6268,90.74125,25.234305555555554,1,North-West_Meghalaya,113.0,17.902143478393555,0.9822245830208898,0.18770953228176573,-0.00458065140992403,6.507382869720459,nan,nan,nan,0.6403788626194,-0.6150324940681458,0.14333602786064148,0,20743.2734375,0
SMP_0249,16870,16893,93.6926388888889,22.31375,5,South-East_Mizoram,1601.0,7.8258280754089355,-0.0,1.0,0.005067342892289162,6.1091694831848145,nan,nan,nan,0.6403788626194,-0.6150324940681458,0.14333602786064148,0,82744.890625,0
SMP_0250,740,2943,89.8176388888889,26.794305555555557,1,North-West_Meghalaya,1452.0,54.01117706298828,0.4144035376437575,0.9100932413705416,-0.0022791281808167696,5.414186954498291,nan,nan,nan,0.6403788626194,-0.6150324940681458,0.14333602786064148,0,89421.234375,0
SMP_0251,13234,16900,93.69458333333333,23.32375,5,South-East_Mizoram,1694.0,9.594085693359375,0.9896515778907766,-0.143491304190519,0.004384333733469248,11.311700820922852,nan,nan,nan,0.6403788626194,-0.6150324940681458,0.14333602786064148,0,42587.2421875,0
SMP_0252,2144,2265,89.62930555555556,26.404305555555556,1,North-West_Meghalaya,43.0,1.3883322477340698,-0.744893097110652,-0.6671838381412583,0.0006080514867790043,7.844545841217041,nan,nan,nan,0.6403788626194,-0.6150324940681458,0.14333602786064148,0,81572.8046875,0
SMP_0253,20988,14521,93.03375,21.16986111111111,5,South-East_Mizoram,67.0,17.785696029663086,-0.09459418700541487,-0.9955159163894792,-0.004039050545543432,5.667052745819092,0.6969885230064392,-0.6878593564033508,0.16458159685134888,0.6969885230064392,-0.6878593564033508,0.16458159685134888,1,145761.40625,0
SMP_0254,6532,12450,92.45847222222223,25.185416666666665,2,North-East_Meghalaya,588.0,10.947999000549316,-0.43876772913663675,-0.8986005118339734,-0.00308475480414927,6.683703422546387,0.8528040647506714,-0.7976025342941284,0.27921032905578613,0.8528040647506714,-0.7976025342941284,0.27921032905578613,1,9930.4150390625,0
SMP_0255,6822,4539,90.26097222222222,25.104861111111113,1,North-West_Meghalaya,21.0,1.602626919746399,0.9573390697799747,-0.2889669625974788,0.0001775103301042691,7.700939655303955,nan,nan,nan,0.6403788626194,-0.6150324940681458,0.14333602786064148,0,34713.73046875,0
SMP_0256,10710,15262,93.23958333333333,24.02486111111111,3,Central_Transition,748.0,18.307092666625977,0.9096322618761777,-0.41541442940036255,0.0025013871490955353,5.2306904792785645,nan,nan,nan,0.6403788626194,-0.6150324940681458,0.14333602786064148,0,22068.74609375,0
SMP_0257,11077,12703,92.52875,23.922916666666666,5,South-East_Mizoram,83.0,8.495477676391602,0.7105568827682963,-0.7036397631960559,1.458595670555951e-05,6.43140983581543,nan,nan,nan,0.6403788626194,-0.6150324940681458,0.14333602786064148,0,15167.5234375,0
SMP_0258,4236,8804,91.44569444444444,25.823194444444443,2,North-East_Meghalaya,354.0,15.272685050964355,0.5591865006583139,-0.8290418912705857,-0.0035021775402128696,5.422693252563477,0.8383969068527222,-0.7488248348236084,0.27013903856277466,0.8383969068527222,-0.7488248348236084,0.27013903856277466,1,17577.59375,0
SMP_0259,11167,10827,92.00763888888889,23.897916666666667,4,South-West_Mizoram,90.0,18.963991165161133,0.9264371358566327,-0.3764495096367627,0.001816642819903791,5.598287582397461,0.5337287187576294,-0.5408942699432373,-0.12906084954738617,0.5337287187576294,-0.5408942699432373,-0.12906084954738617,1,13076.6162109375,0
SMP_0260,8368,17355,93.82097222222222,24.675416666666667,3,Central_Transition,772.0,3.8237974643707275,-0.9318319911478039,-0.3628899837051433,-0.00014417846978176385,7.523261547088623,nan,nan,nan,0.6403788626194,-0.6150324940681458,0.14333602786064148,0,10608.49609375,0
SMP_0261,812,10960,92.04458333333334,26.774305555555557,2,North-East_Meghalaya,125.0,4.145419597625732,0.624725056726074,0.7808448011600023,-0.0006761619006283581,6.749093532562256,nan,nan,nan,0.6403788626194,-0.6150324940681458,0.14333602786064148,0,47621.04296875,0
SMP_0262,14577,11171,92.10319444444444,22.950694444444444,4,South-West_Mizoram,58.0,10.280634880065918,0.798689118208653,0.6017438761259514,-0.0013442093040794134,7.084532260894775,0.7012435793876648,-0.6318950057029724,0.08106540143489838,0.7012435793876648,-0.6318950057029724,0.08106540143489838,1,41289.93359375,0
SMP_0263,3067,4952,90.37569444444445,26.147916666666667,1,North-West_Meghalaya,32.0,3.2284512519836426,0.9580318674816072,0.28666171856336914,-0.0017606217879801989,7.916073799133301,0.547551691532135,-0.49708983302116394,0.11268363147974014,0.547551691532135,-0.49708983302116394,0.11268363147974014,1,42133.44921875,0
SMP_0264,14361,16781,93.66152777777778,23.010694444444443,5,South-East_Mizoram,879.0,35.40663528442383,-0.7414145201263479,0.6710473227320242,-0.0015423991717398167,5.970006942749023,nan,nan,nan,0.6403788626194,-0.6150324940681458,0.14333602786064148,0,63618.32421875,0
SMP_0265,20649,17123,93.75652777777778,21.264027777777777,5,South-East_Mizoram,834.0,15.996715545654297,0.8775846498233629,0.4794217166487199,0.004582376219332218,5.373994827270508,nan,nan,nan,0.6403788626194,-0.6150324940681458,0.14333602786064148,0,161115.671875,0
SMP_0266,21254,14780,93.10569444444444,21.095972222222223,5,South-East_Mizoram,145.0,18.83407974243164,-0.965411386356101,0.2607313849424172,-0.0004723292659036815,8.090593338012695,nan,nan,nan,0.6403788626194,-0.6150324940681458,0.14333602786064148,0,154559.28125,0
SMP_0267,4631,785,89.21819444444445,25.713472222222222,1,North-West_Meghalaya,33.0,1.3058258295059204,0.984149886101148,-0.17733866382460856,-0.0012877403059974313,9.409913063049316,nan,nan,nan,0.6403788626194,-0.6150324940681458,0.14333602786064148,0,76177.1484375,0
SMP_0268,18533,13036,92.62125,21.851805555555558,5,South-East_Mizoram,667.0,4.06757116317749,0.6737105316059276,-0.7389953447777992,0.002924602944403887,6.768116474151611,0.8912309408187866,-0.7928537726402283,0.3111554682254791,0.8912309408187866,-0.7928537726402283,0.3111554682254791,1,79642.9765625,0
SMP_0269,160,8224,91.28458333333333,26.955416666666668,2,North-East_Meghalaya,1419.0,40.644371032714844,-0.5230102904106587,-0.8523263671414597,0.004164970014244318,4.277246952056885,nan,nan,nan,0.6403788626194,-0.6150324940681458,0.14333602786064148,0,69293.9296875,0
SMP_0270,6474,9140,91.53902777777778,25.201527777777777,2,North-East_Meghalaya,186.0,9.238531112670898,0.9888196557212541,0.14911635879171828,0.0009652049629949033,6.633889675140381,0.7196537256240845,-0.6936641335487366,0.16963669657707214,0.7196537256240845,-0.6936641335487366,0.16963669657707214,1,22811.3125,0
SMP_0271,4116,12768,92.54680555555555,25.856527777777778,2,North-East_Meghalaya,630.0,11.617926597595215,-0.9613679173178241,0.2752666480923348,-0.007924319244921207,6.622747898101807,0.8017013669013977,-0.6879305243492126,0.20751658082008362,0.8017013669013977,-0.6879305243492126,0.20751658082008362,1,31990.7421875,0
SMP_0272,9196,12551,92.48652777777778,24.445416666666667,3,Central_Transition,46.0,4.001394271850586,-0.38087821686119605,0.9246252126784321,0.0015417934628203511,6.784574031829834,nan,nan,nan,0.6403788626194,-0.6150324940681458,0.14333602786064148,0,2214.442138671875,0
SMP_0273,6273,5087,90.41319444444444,25.257361111111113,1,North-West_Meghalaya,37.0,4.161898136138916,-0.5528280877716362,-0.8332953290225238,-0.0019637944642454386,8.449860572814941,nan,nan,nan,0.6403788626194,-0.6150324940681458,0.14333602786064148,0,16311.0859375,0
SMP_0274,12580,15137,93.20486111111111,23.505416666666665,5,South-East_Mizoram,844.0,9.028882026672363,0.9987047900074638,0.05087968569230351,-0.0024148940574377775,6.657237529754639,nan,nan,nan,0.6403788626194,-0.6150324940681458,0.14333602786064148,0,14106.6630859375,0
SMP_0275,15095,17298,93.80513888888889,22.806805555555556,5,South-East_Mizoram,494.0,24.834426879882812,-0.5022094802034636,-0.8647459962288158,-0.003715606639161706,7.81286096572876,nan,nan,nan,0.6403788626194,-0.6150324940681458,0.14333602786064148,0,91348.4609375,0
SMP_0276,2098,8584,91.38458333333334,26.417083333333334,2,North-East_Meghalaya,53.0,3.3996098041534424,-0.3039353305809969,-0.9526926654617532,-0.0010729236528277397,7.6411566734313965,nan,nan,nan,0.6403788626194,-0.6150324940681458,0.14333602786064148,0,17621.041015625,0
SMP_0277,12439,17084,93.74569444444444,23.544583333333332,5,South-East_Mizoram,1222.0,16.006866455078125,-0.9991060716742537,0.04227360339077998,-0.004924438428133726,5.778791427612305,nan,nan,nan,0.6403788626194,-0.6150324940681458,0.14333602786064148,0,40867.9453125,0
SMP_0278,14940,17051,93.73652777777778,22.84986111111111,5,South-East_Mizoram,1165.0,17.52819061279297,-1.0,-1.8369701987210297e-16,-0.000905920285731554,7.068897247314453,nan,nan,nan,0.6403788626194,-0.6150324940681458,0.14333602786064148,0,83092.015625,0
SMP_0279,21225,10857,92.01597222222222,21.104027777777777,4,South-West_Mizoram,0.0,0.0,-0.01745240643728351,0.9998476951563913,0.0,10.475428581237793,nan,nan,nan,0.6403788626194,-0.6150324940681458,0.14333602786064148,0,185906.515625,0
SMP_0280,6552,12943,92.59541666666667,25.179861111111112,2,North-East_Meghalaya,968.0,68.91345977783203,-0.39271197581394807,0.9196615160222292,-0.0010018798056989908,3.1716578006744385,0.9997860193252563,-0.9864811301231384,0.5595238208770752,0.9997860193252563,-0.9864811301231384,0.5595238208770752,1,22425.64453125,0
SMP_0281,16900,13199,92.66652777777777,22.305416666666666,5,South-East_Mizoram,126.0,2.098562002182007,0.11924081626341364,0.992865362341156,-0.0010454235598444939,10.401559829711914,0.6842665672302246,-0.628749668598175,0.13248342275619507,0.6842665672302246,-0.628749668598175,0.13248342275619507,1,36170.4375,0
SMP_0282,11261,16928,93.70236111111112,23.871805555555554,5,South-East_Mizoram,878.0,30.328828811645508,-0.6498335407356655,-0.760076554917298,0.008550331927835941,5.066178321838379,nan,nan,nan,0.6403788626194,-0.6150324940681458,0.14333602786064148,0,34347.69140625,0
SMP_0283,13276,10857,92.01597222222222,23.312083333333334,4,South-West_Mizoram,89.0,18.49560546875,-0.9605967949849905,-0.27794567358490047,-0.0013589428272098303,6.472468852996826,0.7154712080955505,-0.6405910849571228,0.1596098244190216,0.7154712080955505,-0.6405910849571228,0.1596098244190216,1,46935.80078125,0
SMP_0284,19366,15302,93.25069444444445,21.620416666666667,5,South-East_Mizoram,367.0,21.606582641601562,-0.8344034464960892,-0.5511541422101878,-0.0016128015704452991,5.967095851898193,nan,nan,nan,0.6403788626194,-0.6150324940681458,0.14333602786064148,0,100546.8671875,0
SMP_0285,9201,10940,92.03902777777778,24.444027777777777,3,Central_Transition,27.0,1.721942663192749,0.5908250223790353,-0.8067997229367474,-0.0023199503775686026,8.545381546020508,0.4984253942966461,-0.5364563465118408,-0.06674143671989441,0.4984253942966461,-0.5364563465118408,-0.06674143671989441,1,36237.62109375,0
SMP_0286,4683,6148,90.70791666666666,25.69902777777778,1,North-West_Meghalaya,301.0,2.659975051879883,0.28968802024321616,-0.9571211265704911,-0.005059969611465931,9.065610885620117,nan,nan,nan,0.6403788626194,-0.6150324940681458,0.14333602786064148,0,19459.150390625,0
SMP_0287,10642,14593,93.05375,24.04375,3,Central_Transition,1186.0,41.213096618652344,0.8642350392387915,-0.5030882596045395,-0.0049535357393324375,6.2031025886535645,nan,nan,nan,0.6403788626194,-0.6150324940681458,0.14333602786064148,0,22147.716796875,0
SMP_0288,17310,11043,92.0676388888889,22.19152777777778,4,South-West_Mizoram,13.0,1.1024614572525024,-0.9074669980174322,0.4201233717721852,0.0011385635007172823,8.075176239013672,0.4550362229347229,-0.46018725633621216,0.17299680411815643,0.4550362229347229,-0.46018725633621216,0.17299680411815643,1,91503.8515625,0
SMP_0289,4964,4570,90.26958333333333,25.62097222222222,1,North-West_Meghalaya,486.0,8.037801742553711,-0.8889417710200854,0.4580202263390494,-0.00010238635877612978,6.082098960876465,nan,nan,nan,0.6403788626194,-0.6150324940681458,0.14333602786064148,0,11846.71484375,0
SMP_0290,6792,738,89.20513888888888,25.113194444444446,1,North-West_Meghalaya,23.0,0.8015202879905701,-0.9573444950485143,-0.2889489882320152,0.0012749896850436926,8.394024848937988,nan,nan,nan,0.6403788626194,-0.6150324940681458,0.14333602786064148,0,103121.578125,0
SMP_0291,2410,13129,92.64708333333333,26.330416666666668,2,North-East_Meghalaya,65.0,0.6940218806266785,0.7446810851264917,-0.6674204682618229,0.005227117333561182,8.538047790527344,nan,nan,nan,0.6403788626194,-0.6150324940681458,0.14333602786064148,0,48627.7265625,0
SMP_0292,14385,12677,92.52152777777778,23.00402777777778,5,South-East_Mizoram,311.0,9.95339298248291,-0.8008114157687016,-0.5989165854896052,-0.0028317091055214405,8.216175079345703,nan,nan,nan,0.6403788626194,-0.6150324940681458,0.14333602786064148,0,11990.916015625,0
SMP_0293,10813,13271,92.68652777777778,23.99625,5,South-East_Mizoram,345.0,15.145445823669434,0.9972080161997953,-0.07467377335362771,-0.0022627271246165037,8.45189094543457,nan,nan,nan,0.6403788626194,-0.6150324940681458,0.14333602786064148,0,2348.2626953125,0
SMP_0294,18847,13146,92.65180555555555,21.764583333333334,5,South-East_Mizoram,715.0,16.481595993041992,-0.9121337836374921,0.4098926209962224,-0.002710555214434862,6.035619735717773,0.8824255466461182,-0.8125947713851929,0.3254123628139496,0.8824255466461182,-0.8125947713851929,0.3254123628139496,1,86834.0390625,0
SMP_0295,2210,7070,90.96402777777777,26.38597222222222,1,North-West_Meghalaya,41.0,1.393550992012024,0.5564884563676039,0.8308553411572928,-0.0008977361139841378,8.75708293914795,nan,nan,nan,0.6403788626194,-0.6150324940681458,0.14333602786064148,0,32350.87890625,0
SMP_0296,10853,12633,92.50930555555556,23.98513888888889,5,South-East_Mizoram,489.0,34.46744155883789,0.9732690304080547,-0.22966800919711308,0.010839175432920456,6.89874267578125,nan,nan,nan,0.6403788626194,-0.6150324940681458,0.14333602786064148,0,18615.708984375,0
SMP_0297,4544,6960,90.93347222222222,25.73763888888889,1,North-West_Meghalaya,621.0,8.8959321975708,0.7167685023440156,0.6973112031564651,-0.004029925912618637,6.89546012878418,nan,nan,nan,0.6403788626194,-0.6150324940681458,0.14333602786064148,0,33781.60546875,0
SMP_0298,6407,14375,92.99319444444444,25.22013888888889,2,North-East_Meghalaya,684.0,7.363298416137695,0.9681801721534029,-0.25025417928379773,0.0028133762534707785,6.170810222625732,nan,nan,nan,0.6403788626194,-0.6150324940681458,0.14333602786064148,0,4808.14306640625,0
SMP_0299,12683,17056,93.73791666666666,23.476805555555554,5,South-East_Mizoram,2042.0,36.60116958618164,0.5103335578284338,-0.8599765460488865,-0.0018397003877907991,4.827549457550049,nan,nan,nan,0.6403788626194,-0.6150324940681458,0.14333602786064148,0,40603.859375,0
SMP_0300,10311,12569,92.49152777777778,24.135694444444443,3,Central_Transition,85.0,16.78598976135254,-0.9985622737410309,-0.0536039687070126,0.006617815233767033,5.3231024742126465,nan,nan,nan,0.6403788626194,-0.6150324940681458,0.14333602786064148,0,22312.087890625,0
SMP_0301,4214,4223,90.17319444444445,25.829305555555557,1,North-West_Meghalaya,125.0,5.9999237060546875,1.2246467991473532e-16,-1.0,0.0010356626007705927,8.728808403015137,0.708626389503479,-0.6413738131523132,0.14540059864521027,0.708626389503479,-0.6413738131523132,0.14540059864521027,1,25776.0390625,0
SMP_0302,10380,12917,92.58819444444444,24.116527777777776,3,Central_Transition,158.0,6.51902437210083,0.5813765544775944,0.8136346243270137,-0.0015268329298123717,6.699256896972656,nan,nan,nan,0.6403788626194,-0.6150324940681458,0.14333602786064148,0,11638.9736328125,0
SMP_0303,10925,10986,92.05180555555556,23.965138888888887,4,South-West_Mizoram,110.0,3.0162599086761475,-0.9235047576478518,-0.3835869687590841,-0.0028952881693840027,9.147344589233398,0.3969237804412842,-0.4730355441570282,-0.10321503132581711,0.3969237804412842,-0.4730355441570282,-0.10321503132581711,1,20726.15625,0
SMP_0304,4873,4639,90.28875,25.64625,1,North-West_Meghalaya,483.0,25.765565872192383,0.9940554684005181,-0.10887481684497367,0.001840663724578917,5.546171188354492,nan,nan,nan,0.6403788626194,-0.6150324940681458,0.14333602786064148,0,14600.6748046875,0
SMP_0305,8953,12692,92.52569444444444,24.512916666666666,3,Central_Transition,36.0,3.106005907058716,0.5731339376524974,-0.8194617071657121,-0.0019917639438062906,7.038527011871338,nan,nan,nan,0.6403788626194,-0.6150324940681458,0.14333602786064148,0,2489.655029296875,0
SMP_0306,16768,16430,93.56402777777778,22.342083333333335,5,South-East_Mizoram,1632.0,30.63931655883789,0.29514300711578795,0.9554530890371593,-0.005946914665400982,6.152395248413086,nan,nan,nan,0.6403788626194,-0.6150324940681458,0.14333602786064148,0,68101.5078125,0
SMP_0307,17148,12783,92.55097222222223,22.236527777777777,5,South-East_Mizoram,556.0,29.605712890625,0.9607379407637471,-0.27745740065284763,0.0019181297393515706,4.68988037109375,0.8191298246383667,-0.7327085137367249,0.27884596586227417,0.8191298246383667,-0.7327085137367249,0.27884596586227417,1,50833.1484375,0
SMP_0308,4302,8296,91.30458333333334,25.804861111111112,2,North-East_Meghalaya,238.0,23.192752838134766,0.5973613676146713,-0.8019721918380521,-0.014346673153340816,7.051638603210449,0.8480064868927002,-0.7389613389968872,0.2873017489910126,0.8480064868927002,-0.7389613389968872,0.2873017489910126,1,14517.125,0
SMP_0309,21316,13091,92.63652777777777,21.07875,5,South-East_Mizoram,70.0,10.582443237304688,-0.8116077447459532,-0.5842027633180005,-0.0009635695605538785,5.802185535430908,0.8698386549949646,-0.7854429483413696,0.27357685565948486,0.8698386549949646,-0.7854429483413696,0.27357685565948486,1,159983.484375,0
SMP_0310,8918,10805,92.00152777777778,24.52263888888889,3,Central_Transition,16.0,5.4681901931762695,-0.6498047965414506,0.760101129055683,-0.00273230392485857,6.876319408416748,0.23064394295215607,-0.37428179383277893,-0.20229864120483398,0.23064394295215607,-0.37428179383277893,-0.20229864120483398,1,41199.3515625,0
SMP_0311,21478,11121,92.08930555555555,21.03375,4,South-West_Mizoram,0.0,0.0,-0.01745240643728351,0.9998476951563913,0.0,10.475428581237793,-0.22290855646133423,0.539459764957428,0.3738923966884613,-0.22290855646133423,0.539459764957428,0.3738923966884613,1,188025.5,0
SMP_0312,2460,10676,91.96569444444444,26.31652777777778,2,North-East_Meghalaya,53.0,0.3470005989074707,0.7446413134004615,0.6674648413041961,0.0,9.636726379394531,nan,nan,nan,0.6403788626194,-0.6150324940681458,0.14333602786064148,0,11618.3818359375,0
SMP_0313,6564,2849,89.79152777777777,25.17652777777778,1,North-West_Meghalaya,18.0,6.219956398010254,-0.942637935112937,0.33381690083939464,-0.006735637318342924,7.439754962921143,nan,nan,nan,0.6403788626194,-0.6150324940681458,0.14333602786064148,0,48966.36328125,0
SMP_0314,661,7033,90.95375,26.81625,1,North-West_Meghalaya,417.0,28.692495346069336,-0.8689743989609712,-0.4948570439535229,0.005491315387189388,4.72735071182251,nan,nan,nan,0.6403788626194,-0.6150324940681458,0.14333602786064148,0,57741.66015625,0
SMP_0315,6494,6372,90.7701388888889,25.195972222222224,1,North-West_Meghalaya,168.0,14.634505271911621,0.9923013473518789,-0.12384682492355559,0.002505975542590022,5.467378616333008,nan,nan,nan,0.6403788626194,-0.6150324940681458,0.14333602786064148,0,23672.421875,0
SMP_0316,4291,12869,92.5748611111111,25.807916666666667,2,North-East_Meghalaya,577.0,14.830209732055664,-0.62747786747194,0.778634398053969,0.0063871778547763824,6.706253528594971,0.8523305058479309,-0.7743265628814697,0.3947439193725586,0.8523305058479309,-0.7743265628814697,0.3947439193725586,1,25773.318359375,0
SMP_0317,885,360,89.10013888888889,26.75402777777778,1,North-West_Meghalaya,147.0,6.72869873046875,-0.9976492681646307,0.06852691245471958,-1.2469796274672262e-05,6.66731595993042,nan,nan,nan,0.6403788626194,-0.6150324940681458,0.14333602786064148,0,145251.9375,0
SMP_0318,8466,14840,93.1223611111111,24.648194444444446,3,Central_Transition,55.0,5.574039459228516,0.957042669962526,-0.28994711219634467,-0.004831764847040176,7.36785364151001,nan,nan,nan,0.6403788626194,-0.6150324940681458,0.14333602786064148,0,17770.005859375,0
SMP_0319,2159,14338,92.98291666666667,26.40013888888889,2,North-East_Meghalaya,392.0,13.88472843170166,-0.4016631288697257,0.9157874922199921,-0.0031520796474069357,5.522207260131836,nan,nan,nan,0.6403788626194,-0.6150324940681458,0.14333602786064148,0,20516.951171875,0
SMP_0320,6782,8526,91.36847222222222,25.115972222222222,2,North-East_Meghalaya,14.0,1.7921559810638428,0.8561177055545611,0.5167808764224869,0.002289955737069249,7.589098930358887,0.22515664994716644,-0.22448930144309998,0.11457155644893646,0.22515664994716644,-0.22448930144309998,0.11457155644893646,1,43175.4765625,0
SMP_0321,8567,14798,93.11069444444445,24.62013888888889,3,Central_Transition,40.0,2.3148748874664307,1.2246467991473532e-16,-1.0,-0.0,7.332944869995117,nan,nan,nan,0.6403788626194,-0.6150324940681458,0.14333602786064148,0,20892.03125,0
SMP_0322,272,4829,90.34152777777778,26.924305555555556,1,North-West_Meghalaya,796.0,27.412477493286133,-0.9703688717353529,-0.24162833601847752,0.00016225264698732644,5.879800319671631,nan,nan,nan,0.6403788626194,-0.6150324940681458,0.14333602786064148,0,54938.453125,0
SMP_0323,4559,2592,89.72013888888888,25.733472222222222,1,North-West_Meghalaya,29.0,1.3911597728729248,-0.5543495353387885,0.8322839615597968,0.0008905093418434262,7.842510223388672,nan,nan,nan,0.6403788626194,-0.6150324940681458,0.14333602786064148,0,20383.55078125,0
SMP_0324,4647,8570,91.38069444444444,25.709027777777777,2,North-East_Meghalaya,1056.0,15.164361953735352,-0.29797112577734497,-0.9545748834968274,-0.0004465304664336145,6.8164520263671875,0.7012472748756409,-0.7133243083953857,0.06283281743526459,0.7012472748756409,-0.7133243083953857,0.06283281743526459,1,24378.8671875,0
SMP_0325,2759,6661,90.85041666666666,26.233472222222222,1,North-West_Meghalaya,37.0,2.0716309547424316,0.6229313385503333,0.7822765159787746,-0.002653563627973199,8.542684555053711,nan,nan,nan,0.6403788626194,-0.6150324940681458,0.14333602786064148,0,42545.8125,0
SMP_0326,19121,12471,92.46430555555555,21.688472222222224,4,South-West_Mizoram,241.0,23.951171875,0.6855529613515526,0.7280227586979109,0.00561791704967618,5.341545104980469,0.5982662439346313,-0.6407542824745178,-0.00967008899897337,0.5982662439346313,-0.6407542824745178,-0.00967008899897337,1,104177.5234375,0
SMP_0327,12596,13276,92.68791666666667,23.500972222222224,5,South-East_Mizoram,476.0,18.709524154663086,-0.8720665094130977,-0.48938737535826937,-0.0023266917560249567,5.61282205581665,nan,nan,nan,0.6403788626194,-0.6150324940681458,0.14333602786064148,0,14856.8876953125,0
SMP_0328,2336,416,89.11569444444444,26.35097222222222,1,North-West_Meghalaya,53.0,1.0607964992523193,-0.48725948406704356,0.8732572331144578,2.8016389478580095e-05,8.113710403442383,nan,nan,nan,0.6403788626194,-0.6150324940681458,0.14333602786064148,0,111946.5859375,0
SMP_0329,20733,14867,93.12986111111111,21.240694444444443,5,South-East_Mizoram,163.0,21.016679763793945,-0.8917983007440875,0.45243318931081744,-0.007929141633212566,8.238215446472168,nan,nan,nan,0.6403788626194,-0.6150324940681458,0.14333602786064148,0,138881.0,0
SMP_0330,2896,226,89.06291666666667,26.195416666666667,1,North-West_Meghalaya,54.0,3.1203420162200928,0.5784902016781761,-0.8156893321371459,-0.00039271984132938087,7.033912658691406,nan,nan,nan,0.6403788626194,-0.6150324940681458,0.14333602786064148,0,107148.1484375,0
SMP_0331,3028,4938,90.37180555555555,26.15875,1,North-West_Meghalaya,37.0,1.310613989830017,-0.9842664207953323,0.17669072668011104,0.003892521606758237,7.902174472808838,-0.2843286395072937,0.4486764073371887,0.110530324280262,-0.2843286395072937,0.4486764073371887,0.110530324280262,1,41296.35546875,0
SMP_0332,294,8845,91.45708333333333,26.918194444444445,2,North-East_Meghalaya,1254.0,25.016830444335938,0.08743430716710018,-0.996170287616635,-0.002951268572360277,8.524347305297852,nan,nan,nan,0.6403788626194,-0.6150324940681458,0.14333602786064148,0,55616.734375,0
SMP_0333,396,291,89.08097222222223,26.88986111111111,1,North-West_Meghalaya,304.0,2.454355001449585,0.5287203814669639,-0.8487960639761639,0.0013250684132799506,7.274368762969971,nan,nan,nan,0.6403788626194,-0.6150324940681458,0.14333602786064148,0,158657.171875,0
SMP_0334,965,8685,91.41263888888889,26.731805555555557,2,North-East_Meghalaya,106.0,3.243476629257202,0.9584290702267982,-0.28533089097431275,-0.001771500799804926,9.1351957321167,nan,nan,nan,0.6403788626194,-0.6150324940681458,0.14333602786064148,0,43358.0078125,0
SMP_0335,2776,9021,91.50597222222223,26.22875,2,North-East_Meghalaya,48.0,1.392966389656067,-0.5559674217467293,0.8312040820137341,0.002335066208615899,7.841212272644043,nan,nan,nan,0.6403788626194,-0.6150324940681458,0.14333602786064148,0,18117.93359375,0
SMP_0336,2770,14348,92.98569444444445,26.230416666666667,2,North-East_Meghalaya,82.0,1.730920672416687,0.5965009451853798,-0.8026123736854227,0.0008326928946189582,7.623887062072754,nan,nan,nan,0.6403788626194,-0.6150324940681458,0.14333602786064148,0,39309.31640625,0
SMP_0337,880,10410,91.89180555555555,26.755416666666665,2,North-East_Meghalaya,130.0,0.7416349053382874,0.34972739178988205,-0.9368515098092367,0.001483364962041378,8.471687316894531,nan,nan,nan,0.6403788626194,-0.6150324940681458,0.14333602786064148,0,34756.94921875,0
SMP_0338,116,982,89.27291666666666,26.96763888888889,1,North-West_Meghalaya,431.0,6.208747863769531,-0.6253762474901496,0.7803233618668219,0.00017190020298585296,6.342960357666016,nan,nan,nan,0.6403788626194,-0.6150324940681458,0.14333602786064148,0,152822.59375,0
SMP_0339,9022,12376,92.43791666666667,24.49375,3,Central_Transition,28.0,1.7960351705551147,-0.9916555278476351,0.1289159186804643,-0.0025210550520569086,9.19637393951416,0.6424422264099121,-0.5971544981002808,0.07815001159906387,0.6424422264099121,-0.5971544981002808,0.07815001159906387,1,7102.31201171875,0
SMP_0340,3009,570,89.15847222222222,26.16402777777778,1,North-West_Meghalaya,51.0,0.5160967707633972,-1.0,-1.8369701987210297e-16,-0.0012976245488971472,10.087041854858398,nan,nan,nan,0.6403788626194,-0.6150324940681458,0.14333602786064148,0,96198.5,0
SMP_0341,6451,257,89.07152777777777,25.207916666666666,1,North-West_Meghalaya,22.0,1.8062546253204346,0.9917501197563133,-0.12818619256120423,-0.0,7.986722946166992,nan,nan,nan,0.6403788626194,-0.6150324940681458,0.14333602786064148,0,108820.8515625,0
SMP_0342,14467,10854,92.01513888888888,22.98125,4,South-West_Mizoram,49.0,0.7894322872161865,-0.9559977607135463,0.2933739618825862,0.006166798993945122,8.409222602844238,0.5992664098739624,-0.5711026191711426,-0.014429036527872086,0.5992664098739624,-0.5711026191711426,-0.014429036527872086,1,33308.02734375,0
SMP_0343,8803,16929,93.70263888888888,24.554583333333333,3,Central_Transition,1123.0,19.54558563232422,-0.9889834035902628,0.14802644163465994,0.0001987871219171211,6.7696533203125,nan,nan,nan,0.6403788626194,-0.6150324940681458,0.14333602786064148,0,20329.255859375,0
SMP_0344,2070,4945,90.37375,26.42486111111111,1,North-West_Meghalaya,131.0,26.53143882751465,-0.9312613239801308,0.36435195410313614,-0.002589933341369033,8.0773286819458,nan,nan,nan,0.6403788626194,-0.6150324940681458,0.14333602786064148,0,21380.978515625,0
SMP_0345,15170,12782,92.55069444444445,22.78597222222222,5,South-East_Mizoram,299.0,15.833797454833984,0.5411019670396521,0.8409569913294136,0.003811691887676716,5.384777545928955,nan,nan,nan,0.6403788626194,-0.6150324940681458,0.14333602786064148,0,16158.88671875,0
SMP_0346,14427,15071,93.18652777777778,22.992361111111112,5,South-East_Mizoram,1559.0,20.327068328857422,-0.8771928654426482,0.4801381851264447,0.0027259155176579952,5.117658615112305,nan,nan,nan,0.6403788626194,-0.6150324940681458,0.14333602786064148,0,41027.625,0
SMP_0347,12677,13210,92.66958333333334,23.478472222222223,5,South-East_Mizoram,439.0,11.43730640411377,0.04356915551616339,0.9990504134865309,0.008118151687085629,5.7225565910339355,nan,nan,nan,0.6403788626194,-0.6150324940681458,0.14333602786064148,0,16076.8173828125,0
SMP_0348,143,6244,90.73458333333333,26.96013888888889,1,North-West_Meghalaya,1729.0,33.3463020324707,0.6478674888136382,0.7617530550895811,0.0017194874817505479,5.236262798309326,nan,nan,nan,0.6403788626194,-0.6150324940681458,0.14333602786064148,0,56873.9453125,0
SMP_0349,14603,11068,92.07458333333334,22.943472222222223,4,South-West_Mizoram,71.0,1.436447262763977,-0.8752778897175361,0.4836203219175315,0.006163355894386768,7.81046199798584,0.6422950029373169,-0.6123875379562378,0.04121745377779007,0.6422950029373169,-0.6123875379562378,0.04121745377779007,1,40482.71875,0
SMP_0350,8642,14632,93.06458333333333,24.599305555555556,3,Central_Transition,90.0,14.360213279724121,0.9898512721012509,0.1421072099491627,-0.002270794240757823,5.487131595611572,nan,nan,nan,0.6403788626194,-0.6150324940681458,0.14333602786064148,0,23315.234375,0
SMP_0351,5036,10666,91.96291666666667,25.60097222222222,2,North-East_Meghalaya,1345.0,18.21929931640625,0.9805041765168725,-0.1964982438419482,0.005243952851742506,5.6413044929504395,0.7721450328826904,-0.7277877330780029,0.23417556285858154,0.7721450328826904,-0.7277877330780029,0.23417556285858154,1,8038.40869140625,0
SMP_0352,14723,15322,93.25625,22.910138888888888,5,South-East_Mizoram,1231.0,30.0161190032959,-0.7824252614901074,-0.6227444983154303,0.0021878015249967575,6.059568405151367,nan,nan,nan,0.6403788626194,-0.6150324940681458,0.14333602786064148,0,50840.65625,0
SMP_0353,1003,12312,92.42013888888889,26.72125,2,North-East_Meghalaya,86.0,1.942849040031433,0.9339120109700708,0.3575029451149155,0.0009015988907776773,7.50830602645874,nan,nan,nan,0.6403788626194,-0.6150324940681458,0.14333602786064148,0,48530.25,0
SMP_0354,12504,12464,92.46236111111111,23.52652777777778,4,South-West_Mizoram,293.0,16.694778442382812,0.9996365910184931,0.026957112177045828,0.003280151868239045,6.715167999267578,nan,nan,nan,0.6403788626194,-0.6150324940681458,0.14333602786064148,0,27913.140625,0
SMP_0355,12382,12755,92.54319444444444,23.56041666666667,5,South-East_Mizoram,429.0,23.464275360107422,0.995654148253813,0.09312796070447388,7.150390592869371e-05,6.21192741394043,nan,nan,nan,0.6403788626194,-0.6150324940681458,0.14333602786064148,0,23471.755859375,0
SMP_0356,4164,2112,89.58680555555556,25.843194444444443,1,North-West_Meghalaya,34.0,2.482377529144287,-0.8288516720150751,0.5594684135836573,0.001421749941073358,7.263001918792725,nan,nan,nan,0.6403788626194,-0.6150324940681458,0.14333602786064148,0,37604.44921875,0
SMP_0357,13006,17028,93.73013888888889,23.387083333333333,5,South-East_Mizoram,1487.0,27.676847457885742,-0.9992572130955959,-0.03853598417613014,-0.004608056042343378,9.409505844116211,nan,nan,nan,0.6403788626194,-0.6150324940681458,0.14333602786064148,0,42650.37109375,0
SMP_0358,6783,10775,91.99319444444444,25.115694444444443,2,North-East_Meghalaya,12.0,0.6901199817657471,-0.7412815448038794,0.6711942128275348,-0.001275041839107871,9.642298698425293,0.24452517926692963,-0.39547252655029297,-0.17163048684597015,0.24452517926692963,-0.39547252655029297,-0.17163048684597015,1,23201.6328125,0
SMP_0359,18565,10960,92.04458333333334,21.842916666666667,4,South-West_Mizoram,6.0,3.4402430057525635,-0.9417837355482397,0.3362192669327611,-0.0013521949294954538,7.852390766143799,0.5850980877876282,-0.536186695098877,0.14473840594291687,0.5850980877876282,-0.536186695098877,0.14473840594291687,1,122121.03125,0
SMP_0360,4436,14361,92.98930555555556,25.76763888888889,2,North-East_Meghalaya,112.0,1.8522627353668213,1.2246467991473532e-16,-1.0,0.0020883900579065084,7.556088447570801,0.7666901350021362,-0.6885382533073425,0.18758584558963776,0.7666901350021362,-0.6885382533073425,0.18758584558963776,1,27058.578125,0
SMP_0361,16658,16467,93.57430555555555,22.37263888888889,5,South-East_Mizoram,1804.0,19.788043975830078,-0.38880588566361135,-0.9213196965621298,7.962946256157011e-05,7.018664360046387,nan,nan,nan,0.6403788626194,-0.6150324940681458,0.14333602786064148,0,68548.578125,0
SMP_0362,19167,11139,92.09430555555555,21.675694444444446,4,South-West_Mizoram,16.0,1.8522627353668213,1.2246467991473532e-16,-1.0,-0.0,8.249235153198242,0.5581352114677429,-0.49748772382736206,0.17992626130580902,0.5581352114677429,-0.49748772382736206,0.17992626130580902,1,130738.453125,0
SMP_0363,17188,13294,92.69291666666666,22.225416666666668,5,South-East_Mizoram,271.0,30.162803649902344,-0.9993950022765536,0.034779727207777646,-0.0033975376281887293,5.360519886016846,0.7768681049346924,-0.6846047043800354,0.184189110994339,0.7768681049346924,-0.6846047043800354,0.184189110994339,1,41162.88671875,0
SMP_0364,2794,10982,92.05069444444445,26.22375,2,North-East_Meghalaya,59.0,0.8083972334861755,-0.95808300179491,0.2864907706570222,-0.0012989552924409509,8.385479927062988,nan,nan,nan,0.6403788626194,-0.6150324940681458,0.14333602786064148,0,14487.060546875,0
SMP_0365,14529,13225,92.67375,22.96402777777778,5,South-East_Mizoram,380.0,22.11181640625,-0.46464745680929276,0.885495759945047,0.005019511561840773,5.430750846862793,nan,nan,nan,0.6403788626194,-0.6150324940681458,0.14333602786064148,0,10644.18359375,0
SMP_0366,14570,11190,92.10847222222222,22.952638888888888,4,South-West_Mizoram,80.0,23.57303237915039,0.985996996379392,0.16676307484217634,-0.005330995190888643,6.206739902496338,0.6472785472869873,-0.6194748878479004,-0.02946491166949272,0.6472785472869873,-0.6194748878479004,-0.02946491166949272,1,40732.6484375,0
SMP_0367,3066,14384,92.99569444444444,26.148194444444446,2,North-East_Meghalaya,77.0,1.7960102558135986,-0.4308480697392663,-0.9024244792789856,0.0005538355326279998,7.586949348449707,0.24169474840164185,-0.4030451476573944,-0.1655016839504242,0.24169474840164185,-0.4030451476573944,-0.1655016839504242,1,48409.0,0
SMP_0368,2491,12743,92.53986111111111,26.307916666666667,2,North-East_Meghalaya,59.0,0.8089353442192078,-0.9581400530212766,-0.2862999105769776,-0.0013008391251787543,9.301105499267578,nan,nan,nan,0.6403788626194,-0.6150324940681458,0.14333602786064148,0,59996.24609375,0
SMP_0369,2082,10268,91.85236111111111,26.42152777777778,2,North-East_Meghalaya,54.0,1.393683910369873,0.5566068302552212,0.8307760447396371,-0.0014780041528865695,8.756987571716309,nan,nan,nan,0.6403788626194,-0.6150324940681458,0.14333602786064148,0,16629.556640625,0
SMP_0370,6769,10483,91.91208333333333,25.119583333333335,2,North-East_Meghalaya,15.0,4.617745399475098,0.9949776525923472,-0.1000973068659814,-0.0014529748586937785,7.333916664123535,0.30765199661254883,-0.39158424735069275,-0.15597999095916748,0.30765199661254883,-0.39158424735069275,-0.15597999095916748,1,20616.427734375,0
SMP_0371,17402,14633,93.06486111111111,22.165972222222223,5,South-East_Mizoram,933.0,19.9751033782959,-0.5163883806936318,0.8563545061974094,-0.0033513458911329508,7.534548759460449,0.9207563996315002,-0.8444720506668091,0.3016678988933563,0.9207563996315002,-0.8444720506668091,0.3016678988933563,1,36468.6171875,0
SMP_0372,6225,4591,90.27541666666667,25.270694444444445,1,North-West_Meghalaya,51.0,2.721607208251953,0.9403708522886961,-0.3401509373290499,-0.0038202074356377125,8.423632621765137,nan,nan,nan,0.6403788626194,-0.6150324940681458,0.14333602786064148,0,27173.013671875,0
SMP_0373,4134,280,89.07791666666667,25.85152777777778,1,North-West_Meghalaya,38.0,3.0558652877807617,0.9255578979799747,0.37860609805824685,0.0011988049373030663,7.46029806137085,nan,nan,nan,0.6403788626194,-0.6150324940681458,0.14333602786064148,0,92860.1796875,0
SMP_0374,2145,11001,92.05597222222222,26.404027777777777,2,North-East_Meghalaya,52.0,3.134331703186035,-0.9890405701388347,0.14764399960529595,-0.000792567792814225,7.94572114944458,nan,nan,nan,0.6403788626194,-0.6150324940681458,0.14333602786064148,0,25204.275390625,0
SMP_0375,18918,17200,93.77791666666667,21.74486111111111,5,South-East_Mizoram,993.0,18.355619430541992,0.6951918981752527,-0.7188241959697024,0.0017016478814184666,7.2427568435668945,nan,nan,nan,0.6403788626194,-0.6150324940681458,0.14333602786064148,0,121627.78125,0
SMP_0376,2818,13110,92.64180555555555,26.217083333333335,2,North-East_Meghalaya,61.0,4.549895763397217,0.792725908980046,-0.6095782420918252,-0.0020911647006869316,7.348782539367676,0.4264424443244934,-0.4592263996601105,0.12037397921085358,0.4264424443244934,-0.4592263996601105,0.12037397921085358,1,57267.5390625,0
SMP_0377,3043,8,89.00236111111111,26.154583333333335,1,North-West_Meghalaya,53.0,2.824577569961548,-0.1825586467160734,-0.9831949656650993,0.0021454605739563704,7.1336750984191895,nan,nan,nan,0.6403788626194,-0.6150324940681458,0.14333602786064148,0,111034.65625,0
SMP_0378,4428,925,89.25708333333333,25.769861111111112,1,North-West_Meghalaya,35.0,0.7408711910247803,0.3471289887302711,0.937817394370087,-0.0010454235598444939,9.85901165008545,nan,nan,nan,0.6403788626194,-0.6150324940681458,0.14333602786064148,0,72027.0546875,0
SMP_0379,4911,92,89.02569444444444,25.635694444444443,1,North-West_Meghalaya,35.0,2.7799813747406006,0.5540343084048476,-0.8324938348782904,0.0012239973293617368,7.842762470245361,nan,nan,nan,0.6403788626194,-0.6150324940681458,0.14333602786064148,0,98063.65625,0
SMP_0380,616,14383,92.99541666666667,26.82875,2,North-East_Meghalaya,82.0,2.4539849758148193,0.5285146904635046,0.8489241556018217,-0.0007650014595128596,7.967667102813721,nan,nan,nan,0.6403788626194,-0.6150324940681458,0.14333602786064148,0,27289.3984375,0
SMP_0381,4231,14391,92.99763888888889,25.824583333333333,2,North-East_Meghalaya,85.0,4.6393818855285645,-0.4427286017399185,-0.8966556670213024,0.0008632121607661247,7.041539669036865,0.47250932455062866,-0.4912458658218384,0.072019062936306,0.47250932455062866,-0.4912458658218384,0.072019062936306,1,33396.30078125,0
SMP_0382,107,11160,92.10013888888889,26.97013888888889,2,North-East_Meghalaya,1237.0,41.84897994995117,-0.5570622430405688,-0.8304707444447458,-0.004910524468868971,6.837521076202393,nan,nan,nan,0.6403788626194,-0.6150324940681458,0.14333602786064148,0,67707.4296875,0
SMP_0383,19256,12645,92.51263888888889,21.650972222222222,5,South-East_Mizoram,302.0,37.796627044677734,0.5103030971025048,0.8599946215457348,0.0030828649178147316,5.988193035125732,0.7759811878204346,-0.7375795841217041,0.2275274395942688,0.7759811878204346,-0.7375795841217041,0.2275274395942688,1,105030.4765625,0
SMP_0384,4098,10622,91.95069444444445,25.861527777777777,2,North-East_Meghalaya,893.0,7.530142307281494,-0.9175798523319116,0.39755152445255104,0.0024392339400947094,6.1481499671936035,0.7715862989425659,-0.7224341630935669,0.1598246991634369,0.7715862989425659,-0.7224341630935669,0.1598246991634369,1,9000.7783203125,0
SMP_0385,14507,12312,92.42013888888889,22.97013888888889,4,South-West_Mizoram,136.0,8.920523643493652,-0.951046475656336,-0.30904789457568266,-0.0029195824172347784,8.327739715576172,nan,nan,nan,0.6403788626194,-0.6150324940681458,0.14333602786064148,0,8989.1650390625,0
SMP_0386,17147,17318,93.81069444444445,22.236805555555556,5,South-East_Mizoram,669.0,24.282596588134766,-0.9680165479844677,0.2508863544081958,-0.005475799087435007,9.183249473571777,nan,nan,nan,0.6403788626194,-0.6150324940681458,0.14333602786064148,0,97595.4765625,0
SMP_0387,594,6396,90.77680555555555,26.83486111111111,1,North-West_Meghalaya,1021.0,21.873960494995117,-0.8914559740711174,-0.453107323150835,-0.0011053553316742182,5.037240982055664,nan,nan,nan,0.6403788626194,-0.6150324940681458,0.14333602786064148,0,46348.47265625,0
SMP_0388,8371,14369,92.99152777777778,24.674583333333334,3,Central_Transition,55.0,11.830105781555176,0.658394810650955,-0.7526727531323909,0.0013567488640546799,7.0741376876831055,nan,nan,nan,0.6403788626194,-0.6150324940681458,0.14333602786064148,0,13729.380859375,0
SMP_0389,16637,14413,93.00375,22.37847222222222,5,South-East_Mizoram,478.0,30.74046516418457,-0.16907022955399645,-0.9856040064237558,0.0014337414177134633,5.049760341644287,0.8605229258537292,-0.7875447869300842,0.21829918026924133,0.8605229258537292,-0.7875447869300842,0.21829918026924133,1,11901.4306640625,0
SMP_0390,16862,10858,92.01625,22.31597222222222,4,South-West_Mizoram,39.0,1.786245346069336,-0.42035222281540247,-0.9073610134748739,0.004176780115813017,7.592404842376709,nan,nan,nan,0.6403788626194,-0.6150324940681458,0.14333602786064148,0,83100.03125,0
SMP_0391,7029,14347,92.98541666666667,25.047361111111112,2,North-East_Meghalaya,464.0,24.385560989379883,-0.3740381040151374,-0.9274133365143944,-0.0005137728294357657,5.6089301109313965,nan,nan,nan,0.6403788626194,-0.6150324940681458,0.14333602786064148,0,11658.8349609375,0
SMP_0392,6286,12476,92.46569444444444,25.25375,2,North-East_Meghalaya,833.0,4.318103313446045,-0.4143549110712934,0.910115381515498,-0.0024495385587215424,8.212209701538086,0.8674489855766296,-0.8032304644584656,0.2834598422050476,0.8674489855766296,-0.8032304644584656,0.2834598422050476,1,9272.4765625,0
SMP_0393,4546,9057,91.51597222222222,25.737083333333334,2,North-East_Meghalaya,598.0,2.5325679779052734,-0.4058389432167748,-0.9139446111054496,0.0010036583989858627,7.242959499359131,0.4780724048614502,-0.5436397194862366,-0.0536092109978199,0.4780724048614502,-0.5436397194862366,-0.0536092109978199,1,29829.39453125,0
SMP_0394,13174,14484,93.02347222222222,23.340416666666666,5,South-East_Mizoram,906.0,7.724788188934326,0.9088065447444793,0.41721776595634164,-0.0004207847232464701,6.122325420379639,nan,nan,nan,0.6403788626194,-0.6150324940681458,0.14333602786064148,0,5728.2783203125,0
SMP_0395,10887,17300,93.80569444444444,23.975694444444443,5,South-East_Mizoram,1404.0,3.7350337505340576,0.13554148071793037,-0.9907716724880616,-0.0034336938988417387,7.259134769439697,nan,nan,nan,0.6403788626194,-0.6150324940681458,0.14333602786064148,0,19803.994140625,0
SMP_0396,18860,13222,92.67291666666667,21.76097222222222,5,South-East_Mizoram,635.0,38.67707824707031,0.7992953540828995,-0.6009383803198896,0.0008996929973363876,4.752608776092529,0.7843606472015381,-0.7515454888343811,0.2763119041919708,0.7843606472015381,-0.7515454888343811,0.2763119041919708,1,86284.5859375,0
SMP_0397,14914,10927,92.03541666666666,22.857083333333335,4,South-West_Mizoram,69.0,4.814582347869873,-0.9895805700753723,-0.1439801907531076,0.0012175849406048656,6.598837852478027,0.6744151711463928,-0.6466784477233887,0.2101958692073822,0.6744151711463928,-0.6466784477233887,0.2101958692073822,1,39423.88671875,0
SMP_0398,6502,12650,92.51402777777778,25.19375,2,North-East_Meghalaya,498.0,3.829319477081299,0.5339464652029211,-0.8455182861992435,-0.003745277877897024,9.502816200256348,0.8691579103469849,-0.8073965907096863,0.35059675574302673,0.8691579103469849,-0.8073965907096863,0.35059675574302673,1,15922.6181640625,0
SMP_0399,6730,339,89.09430555555555,25.130416666666665,1,North-West_Meghalaya,23.0,2.245412588119507,-0.9110086308860391,0.4123872869659594,0.0022905045188963413,7.363443374633789,nan,nan,nan,0.6403788626194,-0.6150324940681458,0.14333602786064148,0,111547.2421875,0
SMP_0400,4438,14359,92.98875,25.767083333333332,2,North-East_Meghalaya,112.0,3.533813953399658,0.944922295438476,0.327294753369622,0.001197015750221908,7.314662933349609,0.7139158844947815,-0.6492160558700562,0.1362568587064743,0.7139158844947815,-0.6492160558700562,0.1362568587064743,1,26997.44140625,0
SMP_0401,19015,16997,93.72152777777778,21.717916666666667,5,South-East_Mizoram,1351.0,40.99930191040039,-0.2352682740614249,-0.9719304703630596,-0.0003795565280597657,6.516016483306885,nan,nan,nan,0.6403788626194,-0.6150324940681458,0.14333602786064148,0,119164.34375,0
SMP_0402,895,12559,92.48875,26.75125,2,North-East_Meghalaya,97.0,2.839837074279785,-0.8213368422501908,0.5704435042688147,0.00039090949576348066,7.128278732299805,nan,nan,nan,0.6403788626194,-0.6150324940681458,0.14333602786064148,0,40362.91796875,0
SMP_0403,207,6319,90.75541666666666,26.94236111111111,1,North-West_Meghalaya,1381.0,23.145597457885742,0.9971343034121577,-0.07565170823419008,-0.006163817830383778,5.890763282775879,nan,nan,nan,0.6403788626194,-0.6150324940681458,0.14333602786064148,0,55892.01171875,0
SMP_0404,281,4590,90.27513888888889,26.921805555555554,1,North-West_Meghalaya,519.0,28.762386322021484,0.10737656980930768,-0.9942184228105949,-0.0022230271715670824,5.1299214363098145,nan,nan,nan,0.6403788626194,-0.6150324940681458,0.14333602786064148,0,58314.6171875,0
SMP_0405,12613,13169,92.65819444444445,23.49625,5,South-East_Mizoram,217.0,7.198083400726318,0.2792120083164996,-0.9602294800785212,-0.004005178343504667,7.580043792724609,nan,nan,nan,0.6403788626194,-0.6150324940681458,0.14333602786064148,0,17792.513671875,0
SMP_0406,994,4282,90.18958333333333,26.72375,1,North-West_Meghalaya,197.0,1.389408826828003,1.2246467991473532e-16,-1.0,-0.0,7.8437700271606445,nan,nan,nan,0.6403788626194,-0.6150324940681458,0.14333602786064148,0,49104.375,0
SMP_0407,6505,3031,89.84208333333333,25.192916666666665,1,North-West_Meghalaya,22.0,1.389247179031372,-0.5526245706762842,-0.8334303113547362,0.000310291419737041,7.843886852264404,nan,nan,nan,0.6403788626194,-0.6150324940681458,0.14333602786064148,0,43916.171875,0
SMP_0408,21029,14886,93.13513888888889,21.158472222222223,5,South-East_Mizoram,246.0,30.148906707763672,0.9179436222486349,0.3967108599131809,-0.0018042258452624083,5.584221839904785,nan,nan,nan,0.6403788626194,-0.6150324940681458,0.14333602786064148,0,148023.453125,0
SMP_0409,4483,10747,91.98541666666667,25.754583333333333,2,North-East_Meghalaya,1152.0,9.048011779785156,0.14092480303444774,0.9900203027664141,-4.3414871470304206e-05,5.961938381195068,0.6905750632286072,-0.6703078150749207,0.11003193259239197,0.6905750632286072,-0.6703078150749207,0.11003193259239197,1,10911.859375,0
SMP_0410,2247,6367,90.76875,26.375694444444445,1,North-West_Meghalaya,45.0,1.0339930057525635,-1.0,-1.8369701987210297e-16,-0.0002569396165199578,8.139307975769043,nan,nan,nan,0.6403788626194,-0.6150324940681458,0.14333602786064148,0,26162.587890625,0
SMP_0411,12523,12845,92.56819444444444,23.521250000000002,5,South-East_Mizoram,701.0,20.820556640625,-0.20868373748017754,0.9779831786443488,-0.0011028408771380782,7.7995285987854,nan,nan,nan,0.6403788626194,-0.6150324940681458,0.14333602786064148,0,28176.935546875,0
SMP_0412,12978,15146,93.20736111111111,23.394861111111112,5,South-East_Mizoram,1138.0,8.529178619384766,-0.9985458386835615,0.05390925753284614,0.0014227123465389013,6.021926403045654,nan,nan,nan,0.6403788626194,-0.6150324940681458,0.14333602786064148,0,15780.3994140625,0
SMP_0413,2918,10453,91.90375,26.189305555555556,2,North-East_Meghalaya,317.0,10.346940994262695,-0.41945624064095055,0.9077755571656251,-0.003972007427364588,7.211493968963623,0.6470886468887329,-0.6384628415107727,0.18663129210472107,0.6470886468887329,-0.6384628415107727,0.18663129210472107,1,3909.55712890625,0
SMP_0414,18963,14773,93.10375,21.73236111111111,5,South-East_Mizoram,1022.0,26.55825424194336,-0.9489580581140433,0.3154022890538749,0.0006169911939650774,4.818061351776123,nan,nan,nan,0.6403788626194,-0.6150324940681458,0.14333602786064148,0,84404.90625,0
SMP_0415,4477,8962,91.48958333333333,25.75625,2,North-East_Meghalaya,612.0,15.582356452941895,-0.5633089302402187,0.826246361027763,0.003029357874765992,5.401616096496582,0.6863682866096497,-0.660339891910553,0.18412454426288605,0.6863682866096497,-0.660339891910553,0.18412454426288605,1,26464.982421875,0
SMP_0416,872,8930,91.48069444444444,26.757638888888888,2,North-East_Meghalaya,117.0,2.0855584144592285,-0.7459151353641615,0.666040997863243,-0.0005798390484414995,7.842831134796143,nan,nan,nan,0.6403788626194,-0.6150324940681458,0.14333602786064148,0,39728.0625,0
SMP_0417,7058,4895,90.35986111111112,25.039305555555554,1,North-West_Meghalaya,14.0,0.511265218257904,-1.0,-1.8369701987210297e-16,0.0012734525371342897,8.843685150146484,nan,nan,nan,0.6403788626194,-0.6150324940681458,0.14333602786064148,0,28517.744140625,0
SMP_0418,2265,2093,89.58152777777778,26.370694444444446,1,North-West_Meghalaya,44.0,1.9376822710037231,-0.9335462550356254,-0.35845695656376797,0.0008261349867098033,7.510970592498779,nan,nan,nan,0.6403788626194,-0.6150324940681458,0.14333602786064148,0,80338.4140625,0
SMP_0419,16836,13279,92.68875,22.323194444444447,5,South-East_Mizoram,183.0,20.261947631835938,-0.9825199726890843,-0.18615720041685474,-0.0104212062433362,6.507446765899658,0.6029687523841858,-0.5992471575737,0.16783687472343445,0.6029687523841858,-0.5992471575737,0.16783687472343445,1,33023.2578125,0
SMP_0420,16906,15156,93.21013888888889,22.30375,5,South-East_Mizoram,496.0,17.11448097229004,-0.9649141410921099,0.26256561145830903,-0.0013060031924396753,7.17434549331665,nan,nan,nan,0.6403788626194,-0.6150324940681458,0.14333602786064148,0,33321.09765625,0
SMP_0421,2839,7005,90.94597222222222,26.21125,1,North-West_Meghalaya,25.0,2.0995068550109863,-0.12290704022323849,-0.9924181877936151,0.0,8.34698486328125,nan,nan,nan,0.6403788626194,-0.6150324940681458,0.14333602786064148,0,36438.69140625,0
SMP_0422,11089,10980,92.0501388888889,23.919583333333332,4,South-West_Mizoram,88.0,13.100919723510742,-0.9310976328183673,0.3647700620391328,-0.0044786399230360985,6.968813419342041,0.639175295829773,-0.5818091630935669,0.12444952130317688,0.639175295829773,-0.5818091630935669,0.12444952130317688,1,18317.224609375,0
SMP_0423,12842,12570,92.49180555555556,23.43263888888889,4,South-West_Mizoram,384.0,20.788244247436523,-0.4874292454598505,-0.8731624881260308,-0.007685726508498192,5.09317684173584,nan,nan,nan,0.6403788626194,-0.6150324940681458,0.14333602786064148,0,33981.0234375,0
SMP_0424,611,10673,91.9648611111111,26.83013888888889,2,North-East_Meghalaya,206.0,0.5190964937210083,-1.0,-1.8369701987210297e-16,-0.001312746200710535,8.828482627868652,nan,nan,nan,0.6403788626194,-0.6150324940681458,0.14333602786064148,0,46208.2890625,0
SMP_0425,11172,16782,93.66180555555556,23.896527777777777,5,South-East_Mizoram,1070.0,32.90961456298828,-0.27327928624868203,0.9619347336006798,0.003701491979882121,4.5597686767578125,nan,nan,nan,0.6403788626194,-0.6150324940681458,0.14333602786064148,0,37507.26953125,0
SMP_0426,180,8493,91.35930555555555,26.94986111111111,2,North-East_Meghalaya,1834.0,40.456363677978516,-0.7125956963634181,0.7015749236712606,0.005475309677422047,4.2838897705078125,nan,nan,nan,0.6403788626194,-0.6150324940681458,0.14333602786064148,0,64769.9765625,0
SMP_0427,4284,12434,92.45402777777778,25.80986111111111,2,North-East_Meghalaya,780.0,19.88916015625,0.8440046508261211,0.5363358550235826,0.001780907972715795,5.141334056854248,0.8650158643722534,-0.7708832025527954,0.26483532786369324,0.8650158643722534,-0.7708832025527954,0.26483532786369324,1,35446.6328125,0
SMP_0428,4701,12771,92.54763888888888,25.694027777777777,2,North-East_Meghalaya,807.0,16.54494857788086,0.9966613412289331,-0.08164662209634965,0.010241581127047539,5.338415145874023,0.8688877820968628,-0.7694529891014099,0.2677794396877289,0.8688877820968628,-0.7694529891014099,0.2677794396877289,1,19831.84375,0
SMP_0429,4327,8530,91.36958333333334,25.797916666666666,2,North-East_Meghalaya,260.0,25.195924758911133,0.9638744475849128,-0.26635699595257345,-0.002182980766519904,4.87862491607666,0.8606840372085571,-0.7718728184700012,0.20379407703876495,0.8606840372085571,-0.7718728184700012,0.20379407703876495,1,18131.62109375,0
SMP_0430,5008,8790,91.44180555555556,25.60875,2,North-East_Meghalaya,1297.0,31.521806716918945,-0.7089721977599694,-0.7052364304284052,0.0019278224790468812,5.018943786621094,0.826037585735321,-0.7687313556671143,0.2871515154838562,0.826037585735321,-0.7687313556671143,0.2871515154838562,1,21523.091796875,0
SMP_0431,3047,10769,91.99152777777778,26.153472222222224,2,North-East_Meghalaya,54.0,1.8036257028579712,0.8580941582169076,-0.5134923715441319,0.00032670513610355556,7.5827155113220215,0.29640039801597595,-0.40719741582870483,-0.20188209414482117,0.29640039801597595,-0.40719741582870483,-0.20188209414482117,1,11009.1298828125,0
SMP_0432,4709,2641,89.73375,25.691805555555554,1,North-West_Meghalaya,25.0,2.3148748874664307,1.2246467991473532e-16,-1.0,0.0031264587305486202,7.332944869995117,nan,nan,nan,0.6403788626194,-0.6150324940681458,0.14333602786064148,0,19173.27734375,0
SMP_0433,707,8394,91.33180555555556,26.803472222222222,2,North-East_Meghalaya,1004.0,36.12913513183594,-0.4529081256183205,-0.8915571937620713,-0.000977893709205091,4.439339637756348,nan,nan,nan,0.6403788626194,-0.6150324940681458,0.14333602786064148,0,53075.16015625,0
SMP_0434,17215,16907,93.69652777777777,22.217916666666667,5,South-East_Mizoram,959.0,29.406652450561523,0.6817734156899724,0.7315634009834199,0.006407158449292183,5.391132831573486,nan,nan,nan,0.6403788626194,-0.6150324940681458,0.14333602786064148,0,86150.5234375,0
SMP_0435,16419,12935,92.59319444444445,22.439027777777778,5,South-East_Mizoram,344.0,24.86966323852539,0.8774651800758994,0.47964034208390927,0.008422364480793476,5.298943042755127,0.7086801528930664,-0.6736136078834534,0.1577998250722885,0.7086801528930664,-0.6736136078834534,0.1577998250722885,1,35573.5625,0
SMP_0436,6760,13004,92.61236111111111,25.122083333333332,2,North-East_Meghalaya,485.0,23.54800796508789,-0.9322747919356471,-0.36175089816245903,0.006355108227580786,4.955168724060059,0.9212881326675415,-0.8462954163551331,0.3874647617340088,0.9212881326675415,-0.8462954163551331,0.3874647617340088,1,19838.841796875,0
SMP_0437,21414,17229,93.78597222222223,21.05152777777778,5,South-East_Mizoram,925.0,36.05665588378906,0.49975316979678763,0.8661678643762207,0.0007828014786355197,4.847462177276611,nan,nan,nan,0.6403788626194,-0.6150324940681458,0.14333602786064148,0,182993.84375,0
SMP_0438,4384,406,89.11291666666666,25.782083333333333,1,North-West_Meghalaya,39.0,0.8056130409240723,0.9577864193076059,-0.2874807384676665,-0.0014680771855637431,9.487543106079102,nan,nan,nan,0.6403788626194,-0.6150324940681458,0.14333602786064148,0,88114.0078125,0
SMP_0439,18881,11126,92.09069444444444,21.75513888888889,4,South-West_Mizoram,12.0,0.7831093668937683,0.9552675488592219,-0.2957429797924105,0.0008537870016880333,8.417264938354492,0.6954712271690369,-0.6255122423171997,0.20763902366161346,0.6954712271690369,-0.6255122423171997,0.20763902366161346,1,124733.8828125,0
SMP_0440,20972,16558,93.59958333333333,21.174305555555556,5,South-East_Mizoram,1232.0,40.85198211669922,-0.9925865368840254,0.12153998023933218,0.002774764783680439,4.675384521484375,nan,nan,nan,0.6403788626194,-0.6150324940681458,0.14333602786064148,0,161227.234375,0
SMP_0441,14737,11168,92.10236111111111,22.90625,4,South-West_Mizoram,98.0,16.585041046142578,-0.6336022244098931,-0.773658982512861,0.006752153392881155,5.335854530334473,0.6241374611854553,-0.6186388731002808,0.03327299281954765,0.6241374611854553,-0.6186388731002808,0.03327299281954765,1,41111.83203125,0
SMP_0442,449,6351,90.76430555555555,26.875138888888888,1,North-West_Meghalaya,1350.0,46.27680206298828,-0.2253828243410325,-0.9742702820532192,0.0007129434379749,5.4663286209106445,nan,nan,nan,0.6403788626194,-0.6150324940681458,0.14333602786064148,0,49556.23046875,0
SMP_0443,8348,12357,92.43263888888889,24.680972222222223,3,Central_Transition,13.0,3.355836868286133,0.910442779392552,0.4136350389557983,0.0012218303745612502,6.960999011993408,0.17861010134220123,0.01636151224374771,0.7609736919403076,0.17861010134220123,0.01636151224374771,0.7609736919403076,1,10608.2265625,0
SMP_0444,15301,12422,92.45069444444445,22.749583333333334,4,South-West_Mizoram,220.0,15.551716804504395,0.9135547188102502,0.4067158415153321,-0.00019684957806020975,6.31997537612915,nan,nan,nan,0.6403788626194,-0.6150324940681458,0.14333602786064148,0,17796.400390625,0
SMP_0445,12417,12991,92.60875,23.550694444444446,5,South-East_Mizoram,495.0,28.247699737548828,0.6319914930598217,-0.7749753239297477,-0.005962810479104519,5.439023971557617,nan,nan,nan,0.6403788626194,-0.6150324940681458,0.14333602786064148,0,22961.0703125,0
SMP_0446,356,2805,89.77930555555555,26.900972222222222,1,North-West_Meghalaya,1251.0,33.95262908935547,-0.5857143251138147,-0.810517568814192,0.0022494930308312178,5.6187849044799805,nan,nan,nan,0.6403788626194,-0.6150324940681458,0.14333602786064148,0,98414.546875,0
SMP_0447,2875,4419,90.22763888888889,26.20125,1,North-West_Meghalaya,33.0,0.9263734221458435,1.2246467991473532e-16,-1.0,-0.0010454235598444939,8.65470027923584,nan,nan,nan,0.6403788626194,-0.6150324940681458,0.14333602786064148,0,48066.9140625,0
SMP_0448,8217,17267,93.79652777777778,24.71736111111111,3,Central_Transition,787.0,3.319028377532959,0.9975676157920829,-0.06970546551669708,-0.0012620363850146532,8.843854904174805,nan,nan,nan,0.6403788626194,-0.6150324940681458,0.14333602786064148,0,11912.0478515625,0
SMP_0449,18822,10892,92.02569444444444,21.771527777777777,4,South-West_Mizoram,5.0,1.4761632680892944,0.3378332501133125,-0.9412059791129017,0.0014211800880730152,7.783176898956299,nan,nan,nan,0.6403788626194,-0.6150324940681458,0.14333602786064148,0,128833.8984375,0
SMP_0450,15235,12296,92.41569444444444,22.767916666666665,4,South-West_Mizoram,89.0,9.501853942871094,0.9953226115103301,0.09660693047735558,-0.0,6.828421592712402,nan,nan,nan,0.6403788626194,-0.6150324940681458,0.14333602786064148,0,16811.2578125,0
SMP_0451,4823,2975,89.82652777777778,25.660138888888888,1,North-West_Meghalaya,27.0,2.074700355529785,0.7427851992043218,0.6695297960830391,-0.0,7.848055839538574,nan,nan,nan,0.6403788626194,-0.6150324940681458,0.14333602786064148,0,11077.25,0
SMP_0452,16915,17388,93.83013888888888,22.30125,5,South-East_Mizoram,623.0,16.760948181152344,0.11605861522909179,-0.9932423661076413,-0.006563080940395594,6.017831325531006,nan,nan,nan,0.6403788626194,-0.6150324940681458,0.14333602786064148,0,97982.28125,0
SMP_0453,8454,11178,92.10513888888889,24.65152777777778,3,Central_Transition,10.0,2.125837564468384,-0.8387555547752128,0.5445081444145028,0.002921218052506447,7.418219566345215,0.29176363348960876,-0.3771992027759552,0.13621856272220612,0.29176363348960876,-0.3771992027759552,0.13621856272220612,1,31254.13671875,0
SMP_0454,4106,416,89.11569444444444,25.859305555555554,1,North-West_Meghalaya,39.0,4.231738567352295,0.4856979799570269,-0.8741266911985147,-0.0009788094321265817,6.7284111976623535,nan,nan,nan,0.6403788626194,-0.6150324940681458,0.14333602786064148,0,88853.890625,0
SMP_0455,2947,306,89.08513888888889,26.18125,1,North-West_Meghalaya,53.0,0.6935281753540039,-0.7442548790867342,-0.6678957066455741,0.0010454235598444939,8.538759231567383,nan,nan,nan,0.6403788626194,-0.6150324940681458,0.14333602786064148,0,104222.46875,0
SMP_0456,14414,13294,92.69291666666666,22.99597222222222,5,South-East_Mizoram,548.0,22.327329635620117,0.22454882500115694,-0.9744628393071743,-0.001955762505531311,5.420006275177002,nan,nan,nan,0.6403788626194,-0.6150324940681458,0.14333602786064148,0,12769.693359375,0
SMP_0457,10277,15293,93.24819444444445,24.145138888888887,3,Central_Transition,824.0,26.367258071899414,0.6702737412796934,-0.7421139479560552,-0.007583961356431246,6.212712287902832,nan,nan,nan,0.6403788626194,-0.6150324940681458,0.14333602786064148,0,9731.130859375,0
SMP_0458,14389,16746,93.65180555555555,23.002916666666668,5,South-East_Mizoram,337.0,8.796351432800293,0.652742603395966,0.7575797606271281,-0.003465471789240837,5.990607261657715,nan,nan,nan,0.6403788626194,-0.6150324940681458,0.14333602786064148,0,63706.38671875,0
SMP_0459,4295,6291,90.74763888888889,25.806805555555556,1,North-West_Meghalaya,396.0,17.703359603881836,-0.9706203367032762,-0.2406162130406402,0.004627016372978687,5.266538143157959,nan,nan,nan,0.6403788626194,-0.6150324940681458,0.14333602786064148,0,19075.826171875,0
SMP_0460,15090,10889,92.02486111111111,22.808194444444446,4,South-West_Mizoram,97.0,13.197340965270996,0.3179137508248331,-0.9481196375123162,-0.0009124440257437527,6.268069267272949,0.649427056312561,-0.6314784288406372,0.020473165437579155,0.649427056312561,-0.6314784288406372,0.020473165437579155,1,41128.5234375,0
SMP_0461,20546,12996,92.61013888888888,21.292638888888888,5,South-East_Mizoram,174.0,6.183399200439453,0.3604085715624199,-0.9327945441223036,0.0034498502500355244,6.347083568572998,0.8648465871810913,-0.7879189252853394,0.20785315334796906,0.8648465871810913,-0.7879189252853394,0.20785315334796906,1,137761.9375,0
SMP_0462,10709,14539,93.03875,24.02513888888889,3,Central_Transition,1212.0,19.360889434814453,-0.8690765164634809,-0.49467768145702806,-0.0035362495109438896,7.735429763793945,nan,nan,nan,0.6403788626194,-0.6150324940681458,0.14333602786064148,0,20127.087890625,0
SMP_0463,4452,4139,90.14986111111111,25.763194444444444,1,North-West_Meghalaya,157.0,7.0814032554626465,-0.21679320429517662,0.9762175508417321,-0.0007310843793675303,6.210262775421143,0.529541552066803,-0.556216835975647,0.031333111226558685,0.529541552066803,-0.556216835975647,0.031333111226558685,1,26343.416015625,0
SMP_0464,4407,10495,91.91541666666667,25.775694444444444,2,North-East_Meghalaya,750.0,11.657099723815918,-0.848598593745681,0.5290372639926725,0.0028081710916012526,5.702996730804443,0.7367706894874573,-0.6938750147819519,0.10879391431808472,0.7367706894874573,-0.6938750147819519,0.10879391431808472,1,4886.96484375,0
SMP_0465,2853,13269,92.68597222222222,26.207361111111112,2,North-East_Meghalaya,62.0,2.4263172149658203,0.7443294025636786,-0.6678126537279727,-0.0006585692754015326,7.285871982574463,0.43547722697257996,-0.45796212553977966,-0.05197786167263985,0.43547722697257996,-0.45796212553977966,-0.05197786167263985,1,54750.671875,0
SMP_0466,6702,9170,91.54736111111112,25.138194444444444,2,North-East_Meghalaya,21.0,0.8016706109046936,0.9573608842353143,-0.2888946820835876,0.003826534142717719,8.393836975097656,0.4300192594528198,-0.4564529359340668,0.021139267832040787,0.4300192594528198,-0.4564529359340668,0.021139267832040787,1,25267.05078125,0
SMP_0467,20783,10971,92.04763888888888,21.226805555555558,4,South-West_Mizoram,0.0,0.0,-0.01745240643728351,0.9998476951563913,0.0,10.475428581237793,0.027010995894670486,-0.04556240513920784,-0.18936097621917725,0.027010995894670486,-0.04556240513920784,-0.18936097621917725,1,172744.171875,0
SMP_0468,6480,4286,90.19069444444445,25.19986111111111,1,North-West_Meghalaya,33.0,5.632267951965332,-0.9966339643308647,-0.0819801265072493,-0.0014545767335221171,6.846569061279297,nan,nan,nan,0.6403788626194,-0.6150324940681458,0.14333602786064148,0,34460.33203125,0
SMP_0469,18947,15023,93.17319444444445,21.736805555555556,5,South-East_Mizoram,593.0,13.344518661499023,-0.34857369476900724,-0.9372813768101247,-0.006874328013509512,8.45379638671875,nan,nan,nan,0.6403788626194,-0.6150324940681458,0.14333602786064148,0,85654.484375,0
SMP_0470,5003,14337,92.98263888888889,25.61013888888889,2,North-East_Meghalaya,245.0,11.272761344909668,0.5847410499709746,-0.8112200099102845,-0.003309892024844885,6.8360466957092285,0.854215681552887,-0.7592115998268127,0.23565469682216644,0.854215681552887,-0.7592115998268127,0.23565469682216644,1,9595.2802734375,0
SMP_0471,6681,13116,92.64347222222221,25.14402777777778,2,North-East_Meghalaya,1233.0,16.765439987182617,-0.48915836456416195,0.8721949864433494,-0.0012364580761641264,6.710694313049316,nan,nan,nan,0.6403788626194,-0.6150324940681458,0.14333602786064148,0,19822.580078125,0
SMP_0472,331,495,89.13763888888889,26.907916666666665,1,North-West_Meghalaya,963.0,7.975662708282471,-0.19413110645231463,0.9809755927175763,0.006220406387001276,6.089961528778076,nan,nan,nan,0.6403788626194,-0.6150324940681458,0.14333602786064148,0,156793.859375,0
SMP_0473,12728,15007,93.16875,23.464305555555555,5,South-East_Mizoram,755.0,18.634061813354492,-0.9540317124461646,-0.2997056750330875,-0.007203884422779083,5.904846668243408,nan,nan,nan,0.6403788626194,-0.6150324940681458,0.14333602786064148,0,16966.57421875,0
SMP_0474,6529,2149,89.59708333333333,25.18625,1,North-West_Meghalaya,15.0,4.986352443695068,0.9727966363080063,-0.23166075279992626,-0.00873412936925888,6.969076156616211,nan,nan,nan,0.6403788626194,-0.6150324940681458,0.14333602786064148,0,64973.625,0
SMP_0475,8476,16459,93.57208333333334,24.645416666666666,3,Central_Transition,1085.0,14.48659896850586,-0.4819945451437185,-0.8761742169521424,0.0003448774223215878,8.792173385620117,nan,nan,nan,0.6403788626194,-0.6150324940681458,0.14333602786064148,0,7864.43310546875,0
SMP_0476,17045,12347,92.42986111111111,22.265138888888888,4,South-West_Mizoram,462.0,18.693653106689453,-0.6583960133433882,-0.7526717010845652,0.0007381296018138528,7.223172187805176,0.33455097675323486,-0.43963852524757385,-0.1124526783823967,0.33455097675323486,-0.43963852524757385,-0.1124526783823967,1,60068.18359375,0
SMP_0477,229,2987,89.82986111111111,26.93625,1,North-West_Meghalaya,2157.0,29.997272491455078,0.5733851001897621,-0.8192859860148815,-0.001810448127798736,5.590324401855469,nan,nan,nan,0.6403788626194,-0.6150324940681458,0.14333602786064148,0,95530.8203125,0
SMP_0478,554,4174,90.15958333333333,26.845972222222223,1,North-West_Meghalaya,829.0,30.351682662963867,0.8046877318096298,-0.5936982855584756,-0.008244532160460949,6.046092510223389,nan,nan,nan,0.6403788626194,-0.6150324940681458,0.14333602786064148,0,60138.25,0
SMP_0479,16639,16648,93.62458333333333,22.377916666666668,5,South-East_Mizoram,1644.0,15.27299976348877,0.8164925128251205,-0.5773560223125074,0.012094776146113873,5.422671794891357,nan,nan,nan,0.6403788626194,-0.6150324940681458,0.14333602786064148,0,73970.1484375,0
SMP_0480,960,4554,90.26513888888888,26.733194444444443,1,North-West_Meghalaya,179.0,2.22385835647583,0.34966729308331285,0.9368739425065619,-0.00215054745785892,8.759392738342285,nan,nan,nan,0.6403788626194,-0.6150324940681458,0.14333602786064148,0,43030.58984375,0
SMP_0481,4593,715,89.19875,25.724027777777778,1,North-West_Meghalaya,34.0,1.3838789463043213,-0.7429637468123875,0.6693316598835726,0.0023323826026171446,7.84775972366333,nan,nan,nan,0.6403788626194,-0.6150324940681458,0.14333602786064148,0,78330.703125,0
SMP_0482,2140,10500,91.91680555555556,26.405416666666667,2,North-East_Meghalaya,61.0,5.689100742340088,-0.9967014355066487,-0.08115570503042813,-0.0025621168315410614,6.836463451385498,nan,nan,nan,0.6403788626194,-0.6150324940681458,0.14333602786064148,0,20358.822265625,0
SMP_0483,805,581,89.16152777777778,26.77625,1,North-West_Meghalaya,215.0,9.145265579223633,-0.9844305005035923,-0.17577425772349853,0.0012615325395017862,5.9510650634765625,nan,nan,nan,0.6403788626194,-0.6150324940681458,0.14333602786064148,0,143170.875,0
SMP_0484,4848,4840,90.34458333333333,25.653194444444445,1,North-West_Meghalaya,554.0,6.848620414733887,-0.6720880151042304,0.7404712688236159,-0.005143407732248306,6.649484157562256,nan,nan,nan,0.6403788626194,-0.6150324940681458,0.14333602786064148,0,10194.3720703125,0
SMP_0485,12922,16690,93.63625,23.410416666666666,5,South-East_Mizoram,875.0,38.12171936035156,-0.4827667108863349,-0.8757489953519729,-0.0005018062074668705,6.158814907073975,nan,nan,nan,0.6403788626194,-0.6150324940681458,0.14333602786064148,0,32088.322265625,0
SMP_0486,6817,12366,92.43513888888889,25.10625,2,North-East_Meghalaya,450.0,22.197742462158203,0.9736949732080027,-0.2278554347595575,0.0004687077016569674,6.525069236755371,0.8937970995903015,-0.8236717581748962,0.3692924976348877,0.8937970995903015,-0.8236717581748962,0.3692924976348877,1,7213.73583984375,0
SMP_0487,17130,15248,93.23569444444445,22.241527777777776,5,South-East_Mizoram,1256.0,15.176368713378906,0.9338485395976877,-0.3576687085715858,0.014070809818804264,5.429327964782715,nan,nan,nan,0.6403788626194,-0.6150324940681458,0.14333602786064148,0,39868.98046875,0
SMP_0488,6899,12865,92.57375,25.083472222222223,2,North-East_Meghalaya,463.0,24.77177619934082,0.1934421434342817,-0.9811116843374921,0.0007633582572452724,6.1507248878479,0.9105779528617859,-0.8409658074378967,0.36933091282844543,0.9105779528617859,-0.8409658074378967,0.36933091282844543,1,14046.88671875,0
SMP_0489,21319,11060,92.0723611111111,21.077916666666667,4,South-West_Mizoram,0.0,0.0,-0.01745240643728351,0.9998476951563913,0.0,10.475428581237793,-0.21266679465770721,0.5283487439155579,0.36747798323631287,-0.21266679465770721,0.5283487439155579,0.36747798323631287,1,184852.796875,0
SMP_0490,610,14374,92.99291666666667,26.830416666666668,2,North-East_Meghalaya,83.0,2.1535656452178955,0.8432694385390135,-0.5374910734385242,-0.002576288767158985,8.503861427307129,nan,nan,nan,0.6403788626194,-0.6150324940681458,0.14333602786064148,0,27485.3984375,0
SMP_0491,21027,11102,92.08402777777778,21.15902777777778,4,South-West_Mizoram,58.0,5.628620624542236,-0.17592788702685674,-0.9844030569671477,-0.003470631781965494,7.134903430938721,0.7964829206466675,-0.7080250978469849,0.24594812095165253,0.7964829206466675,-0.7080250978469849,0.24594812095165253,1,176593.171875,0
SMP_0492,10374,16667,93.62986111111111,24.118194444444445,3,Central_Transition,924.0,17.331411361694336,0.4967432942009487,0.8678975167992992,0.0013399102026596665,5.28915548324585,nan,nan,nan,0.6403788626194,-0.6150324940681458,0.14333602786064148,0,29469.62109375,0
SMP_0493,12352,16932,93.70347222222222,23.56875,5,South-East_Mizoram,1572.0,20.852218627929688,-0.06947087845976362,-0.9975839799465651,0.0019227537559345365,6.794564247131348,nan,nan,nan,0.6403788626194,-0.6150324940681458,0.14333602786064148,0,36314.375,0
SMP_0494,2164,14350,92.98625,26.39875,2,North-East_Meghalaya,422.0,8.507983207702637,-0.45253008674325534,0.8917491354591502,0.002644707914441824,6.717598915100098,nan,nan,nan,0.6403788626194,-0.6150324940681458,0.14333602786064148,0,20632.15625,0
SMP_0495,21000,10966,92.04625,21.166527777777777,4,South-West_Mizoram,0.0,0.0,-0.01745240643728351,0.9998476951563913,0.0,10.475428581237793,-0.25605350732803345,0.5760201811790466,0.39436525106430054,-0.25605350732803345,0.5760201811790466,0.39436525106430054,1,178279.609375,0
SMP_0496,363,12892,92.58125,26.89902777777778,2,North-East_Meghalaya,112.0,1.7394073009490967,-0.7463279266768622,-0.6655784145104288,-0.0018294670153409243,9.698434829711914,nan,nan,nan,0.6403788626194,-0.6150324940681458,0.14333602786064148,0,23540.44921875,0
SMP_0497,17156,17227,93.78541666666666,22.234305555555554,5,South-East_Mizoram,870.0,14.970479965209961,-0.7186108799406477,0.6954123979560101,0.007480769418179989,5.443638324737549,nan,nan,nan,0.6403788626194,-0.6150324940681458,0.14333602786064148,0,94976.3125,0
SMP_0498,14358,14666,93.07402777777777,23.01152777777778,5,South-East_Mizoram,1142.0,39.62712478637695,-0.6364542025064666,-0.7713144936482509,0.004953172989189625,5.411888122558594,nan,nan,nan,0.6403788626194,-0.6150324940681458,0.14333602786064148,0,36972.453125,0
SMP_0499,2557,9082,91.52291666666666,26.289583333333333,2,North-East_Meghalaya,47.0,1.0407658815383911,0.7445641176003908,-0.6675509529481263,-0.0008966446621343493,8.82592487335205,nan,nan,nan,0.6403788626194,-0.6150324940681458,0.14333602786064148,0,20320.970703125,0
SMP_0500,17351,11155,92.09875,22.18013888888889,4,South-West_Mizoram,16.0,1.765551209449768,-0.9913633974425414,0.13114348710927873,-0.0019736471585929394,8.99035930633545,0.7013816237449646,-0.6288224458694458,0.21073220670223236,0.7013816237449646,-0.6288224458694458,0.21073220670223236,1,90979.1640625,0
SMP_0501,16571,11093,92.08152777777778,22.396805555555556,4,South-West_Mizoram,12.0,1.9187331199645996,-0.26102318675247477,-0.9653325312956063,-0.0007486284011974931,7.520805835723877,0.2625608742237091,-0.17403799295425415,0.10451989620923996,0.2625608742237091,-0.17403799295425415,0.10451989620923996,1,71550.5234375,0
SMP_0502,8208,14575,93.04875,24.71986111111111,3,Central_Transition,34.0,6.477459907531738,-0.07839272176766834,0.9969225552538457,-0.0,8.825971603393555,nan,nan,nan,0.6403788626194,-0.6150324940681458,0.14333602786064148,0,10391.5205078125,0
SMP_0503,4593,8482,91.35625,25.724027777777778,2,North-East_Meghalaya,871.0,10.444486618041992,0.3894707161162397,-0.9210388489569283,-0.002073509618639946,6.731897830963135,0.6680653095245361,-0.6652295589447021,0.029320070520043373,0.6680653095245361,-0.6652295589447021,0.029320070520043373,1,24650.97265625,0
SMP_0504,2438,6500,90.80569444444444,26.32263888888889,1,North-West_Meghalaya,37.0,2.42579984664917,-0.9581499644632167,0.2862667385483976,-0.0021203660871833563,7.6915507316589355,nan,nan,nan,0.6403788626194,-0.6150324940681458,0.14333602786064148,0,32646.685546875,0
SMP_0505,6899,4386,90.21847222222222,25.083472222222223,1,North-West_Meghalaya,19.0,3.039243221282959,-0.9247065416594652,0.3806807216187756,0.0014089650940150023,7.06029748916626,nan,nan,nan,0.6403788626194,-0.6150324940681458,0.14333602786064148,0,39954.86328125,0
SMP_0506,8423,14621,93.06152777777778,24.660138888888888,3,Central_Transition,144.0,18.95507049560547,0.33673096817207965,0.9416009001025296,0.004885941278189421,5.598794460296631,nan,nan,nan,0.6403788626194,-0.6150324940681458,0.14333602786064148,0,16900.205078125,0
SMP_0507,12482,11015,92.0598611111111,23.53263888888889,4,South-West_Mizoram,176.0,3.162590742111206,0.47878571095864264,-0.8779317985936191,0.0009308668086305261,7.020436763763428,0.8144335150718689,-0.7356958389282227,0.21732166409492493,0.8144335150718689,-0.7356958389282227,0.21732166409492493,1,41219.03125,0
SMP_0508,6829,11187,92.10763888888889,25.102916666666665,2,North-East_Meghalaya,14.0,2.5588526725769043,-0.09988916400509631,0.994998570307698,-0.0010421528713777661,7.638085842132568,0.2829563319683075,-0.4466140866279602,-0.09608278423547745,0.2829563319683075,-0.4466140866279602,-0.09608278423547745,1,27719.58203125,0
SMP_0509,4151,14375,92.99319444444444,25.846805555555555,2,North-East_Meghalaya,110.0,6.102406024932861,0.42013823461025274,0.907460116929984,-0.0009700731025077403,6.36037015914917,0.5305287837982178,-0.5298405289649963,0.019097764045000076,0.5305287837982178,-0.5298405289649963,0.019097764045000076,1,35860.8671875,0
SMP_0510,11229,17082,93.74513888888889,23.880694444444444,5,South-East_Mizoram,906.0,27.29426383972168,-0.8310405844490719,0.5562117825060386,-0.0038436229806393385,4.786243438720703,nan,nan,nan,0.6403788626194,-0.6150324940681458,0.14333602786064148,0,29647.76953125,0
SMP_0511,16559,17244,93.79013888888889,22.40013888888889,5,South-East_Mizoram,723.0,9.653494834899902,0.9510788160893914,-0.3089483542374061,-0.002376882592216134,9.60957145690918,nan,nan,nan,0.6403788626194,-0.6150324940681458,0.14333602786064148,0,91939.09375,0
SMP_0512,16527,12988,92.60791666666667,22.40902777777778,5,South-East_Mizoram,289.0,19.238086700439453,0.7893661440613366,0.613922707357968,-0.001230258378200233,5.8704986572265625,0.7958831191062927,-0.7168923616409302,0.22055596113204956,0.7958831191062927,-0.7168923616409302,0.22055596113204956,1,35179.4921875,0
SMP_0513,1023,7149,90.98597222222222,26.715694444444445,1,North-West_Meghalaya,80.0,2.536100387573242,0.408697609272342,-0.9126698549722523,0.0010738939745351672,7.24156379699707,nan,nan,nan,0.6403788626194,-0.6150324940681458,0.14333602786064148,0,51689.56640625,0
SMP_0514,18669,10971,92.04763888888888,21.814027777777778,4,South-West_Mizoram,6.0,1.3786002397537231,0.5427885857695719,0.8398693655314903,0.0014154708478599787,7.851583003997803,0.34239816665649414,-0.3557824194431305,0.007374092470854521,0.34239816665649414,-0.3557824194431305,0.007374092470854521,1,123904.578125,0
SMP_0515,6525,10578,91.93847222222222,25.187361111111112,2,North-East_Meghalaya,187.0,10.848479270935059,-0.885798247680037,-0.4640705381803243,-0.0012128683738410473,5.776768684387207,0.7729524970054626,-0.7129606008529663,0.33087778091430664,0.7729524970054626,-0.7129606008529663,0.33087778091430664,1,13580.984375,0
SMP_0516,17305,11019,92.06097222222222,22.19291666666667,4,South-West_Mizoram,10.0,0.34090277552604675,0.7337641619134689,0.6794042645519858,0.0,9.942137718200684,0.5746786594390869,-0.48994916677474976,0.16246725618839264,0.5746786594390869,-0.48994916677474976,0.16246725618839264,1,91736.5234375,0
SMP_0517,2445,5009,90.39152777777778,26.320694444444445,1,North-West_Meghalaya,47.0,0.741292417049408,-0.3485657071362112,-0.937284347361372,0.0011248225346207619,8.472148895263672,nan,nan,nan,0.6403788626194,-0.6150324940681458,0.14333602786064148,0,25625.029296875,0
SMP_0518,12610,14421,93.00597222222223,23.497083333333332,5,South-East_Mizoram,643.0,19.728469848632812,0.8481212971947959,0.5298021000756948,-0.0017492645420134068,5.150130271911621,nan,nan,nan,0.6403788626194,-0.6150324940681458,0.14333602786064148,0,13458.9072265625,0
SMP_0519,20768,16459,93.57208333333334,21.23097222222222,5,South-East_Mizoram,794.0,35.494632720947266,0.4560845374956264,0.889936455404205,0.005274094175547361,4.8681440353393555,nan,nan,nan,0.6403788626194,-0.6150324940681458,0.14333602786064148,0,154223.40625,0
SMP_0520,745,2625,89.72930555555556,26.792916666666667,1,North-West_Meghalaya,730.0,21.893400192260742,0.9240594117965687,-0.3822488763491393,-0.0006178251351229846,5.03626012802124,nan,nan,nan,0.6403788626194,-0.6150324940681458,0.14333602786064148,0,98483.015625,0
SMP_0521,6303,7101,90.9726388888889,25.249027777777776,1,North-West_Meghalaya,253.0,5.776348114013672,0.04418210288943363,-0.9990234941102574,-0.0,9.188265800476074,nan,nan,nan,0.6403788626194,-0.6150324940681458,0.14333602786064148,0,42654.16015625,0
SMP_0522,11081,12646,92.51291666666667,23.921805555555554,5,South-East_Mizoram,203.0,24.879919052124023,-0.45771764671810805,0.8890976076240658,0.0035920876543968916,4.893008708953857,nan,nan,nan,0.6403788626194,-0.6150324940681458,0.14333602786064148,0,16456.865234375,0
SMP_0523,2748,11190,92.10847222222222,26.236527777777777,2,North-East_Meghalaya,57.0,1.804572582244873,-0.8582554140266514,-0.5132228018063316,0.0011855671182274818,7.582190036773682,nan,nan,nan,0.6403788626194,-0.6150324940681458,0.14333602786064148,0,20970.087890625,0
SMP_0524,20537,16557,93.59930555555556,21.29513888888889,5,South-East_Mizoram,1293.0,17.1187801361084,-0.7184163923474712,-0.6956133173009588,0.0018417828250676394,5.302276611328125,nan,nan,nan,0.6403788626194,-0.6150324940681458,0.14333602786064148,0,149237.515625,0
SMP_0525,418,12982,92.60625,26.88375,2,North-East_Meghalaya,109.0,0.34795790910720825,0.7462832569242696,0.665628500317185,0.0,9.228506088256836,nan,nan,nan,0.6403788626194,-0.6150324940681458,0.14333602786064148,0,21562.15234375,0
SMP_0526,10389,16418,93.56069444444445,24.11402777777778,3,Central_Transition,714.0,13.412549018859863,-0.8171945107780803,0.5763619796223325,0.0010706990724429488,5.558150291442871,nan,nan,nan,0.6403788626194,-0.6150324940681458,0.14333602786064148,0,32947.85546875,0
SMP_0527,2185,403,89.11208333333333,26.392916666666668,1,North-West_Meghalaya,58.0,3.5087127685546875,-0.5152005992018059,0.8570696252826255,0.0003912955871783197,6.916344165802002,nan,nan,nan,0.6403788626194,-0.6150324940681458,0.14333602786064148,0,115216.5234375,0
SMP_0528,21000,17222,93.78402777777778,21.166527777777777,5,South-East_Mizoram,878.0,30.769371032714844,0.3494720169341598,0.9369468017875776,-0.00023787647660356015,6.252585411071777,nan,nan,nan,0.6403788626194,-0.6150324940681458,0.14333602786064148,0,171905.25,0
SMP_0529,4331,676,89.18791666666667,25.796805555555554,1,North-West_Meghalaya,36.0,1.7950174808502197,-0.42980042089011466,0.9029239160652908,5.747550312662497e-05,7.587502956390381,nan,nan,nan,0.6403788626194,-0.6150324940681458,0.14333602786064148,0,79949.0859375,0
SMP_0530,6644,4172,90.15902777777778,25.154305555555556,1,North-West_Meghalaya,26.0,1.1858303546905518,-0.2157505512070094,0.9764485135704143,0.0020883900579065084,8.00225830078125,nan,nan,nan,0.6403788626194,-0.6150324940681458,0.14333602786064148,0,39283.1328125,0
SMP_0531,20537,11108,92.08569444444444,21.29513888888889,4,South-West_Mizoram,8.0,4.453365325927734,-0.557075070702878,0.8304621397760307,-0.000904473417904228,6.677167892456055,0.6661222577095032,-0.6244648098945618,0.18198376893997192,0.6661222577095032,-0.6244648098945618,0.18198376893997192,1,164118.671875,0
SMP_0532,9141,17188,93.77458333333334,24.460694444444446,3,Central_Transition,775.0,2.086733818054199,0.9750720497035569,0.22188848074405396,-0.002519733738154173,8.82309627532959,nan,nan,nan,0.6403788626194,-0.6150324940681458,0.14333602786064148,0,12429.5234375,0
SMP_0533,14842,11063,92.07319444444444,22.87708333333333,4,South-West_Mizoram,31.0,0.0,-0.01745240643728351,0.9998476951563913,0.0,10.475428581237793,0.3010518252849579,-0.2647651731967926,0.22391444444656372,0.3010518252849579,-0.2647651731967926,0.22391444444656372,1,42384.86328125,0
SMP_0534,2752,935,89.2598611111111,26.235416666666666,1,North-West_Meghalaya,47.0,2.0716443061828613,0.6229377447642109,0.782271414630548,-0.0002887553127948195,7.849531173706055,nan,nan,nan,0.6403788626194,-0.6150324940681458,0.14333602786064148,0,91402.0546875,0
SMP_0535,6461,9010,91.50291666666666,25.20513888888889,2,North-East_Meghalaya,79.0,9.375064849853516,-0.9200716160378547,0.39175020275871025,-0.004401583224534988,7.024422645568848,0.7783147096633911,-0.7291140556335449,0.24248771369457245,0.7783147096633911,-0.7291140556335449,0.24248771369457245,1,26517.09375,0
SMP_0536,4562,11009,92.05819444444444,25.73263888888889,2,North-East_Meghalaya,880.0,0.34604665637016296,-0.742987988842315,0.6693047500474295,0.0,9.234014511108398,0.4207320511341095,-0.5065478682518005,-0.046228062361478806,0.4207320511341095,-0.5065478682518005,-0.046228062361478806,1,16145.921875,0
SMP_0537,615,4953,90.37597222222222,26.829027777777778,1,North-West_Meghalaya,225.0,3.126117706298828,0.5806136256398083,-0.814179229482917,-0.0009452396188862622,7.032059669494629,nan,nan,nan,0.6403788626194,-0.6150324940681458,0.14333602786064148,0,43753.11328125,0
SMP_0538,140,8973,91.49263888888889,26.96097222222222,2,North-East_Meghalaya,989.0,21.073848724365234,-0.32954908865501825,-0.9441384422671534,0.008925571106374264,5.078237533569336,nan,nan,nan,0.6403788626194,-0.6150324940681458,0.14333602786064148,0,57866.2109375,0
SMP_0539,21428,12447,92.4576388888889,21.04763888888889,4,South-West_Mizoram,6.0,3.720850944519043,-0.666036428918769,-0.7459192150314493,-0.0014412483433261514,8.110247611999512,0.6341153979301453,-0.6170099973678589,0.11661077290773392,0.6341153979301453,-0.6170099973678589,0.11661077290773392,1,168943.515625,0
SMP_0540,7105,11206,92.11291666666666,25.02625,2,North-East_Meghalaya,12.0,1.389408826828003,-0.0,1.0,-0.0020883900579065084,9.98383617401123,0.22966928780078888,-0.40082284808158875,-0.12555444240570068,0.22966928780078888,-0.40082284808158875,-0.12555444240570068,1,28180.302734375,0
SMP_0541,306,6902,90.9173611111111,26.91486111111111,1,North-West_Meghalaya,348.0,35.14970016479492,-0.8305828837267767,0.5568950289418211,-0.002854761900380254,5.168587684631348,nan,nan,nan,0.6403788626194,-0.6150324940681458,0.14333602786064148,0,62722.625,0
SMP_0542,2455,9201,91.55597222222222,26.317916666666665,2,North-East_Meghalaya,46.0,0.5167804956436157,-1.0,-1.8369701987210297e-16,-0.0013010635739192367,9.931567192077637,nan,nan,nan,0.6403788626194,-0.6150324940681458,0.14333602786064148,0,19618.037109375,0
SMP_0543,4104,2898,89.80513888888889,25.859861111111112,1,North-West_Meghalaya,27.0,3.2391340732574463,-0.0,1.0,0.0020786102395504713,6.996472358703613,nan,nan,nan,0.6403788626194,-0.6150324940681458,0.14333602786064148,0,18653.314453125,0
SMP_0544,17340,11110,92.08625,22.183194444444446,4,South-West_Mizoram,29.0,5.866322040557861,0.8072880856439001,-0.5901575609762253,-0.004664856009185314,7.904191493988037,0.6985887289047241,-0.6330852508544922,0.23032376170158386,0.6985887289047241,-0.6330852508544922,0.23032376170158386,1,91321.65625,0
SMP_0545,21477,17087,93.74652777777777,21.03402777777778,5,South-East_Mizoram,1289.0,13.28425121307373,0.9905747399860096,0.13697329849882953,-0.0009297737269662321,11.613123893737793,nan,nan,nan,0.6403788626194,-0.6150324940681458,0.14333602786064148,0,182561.6875,0
SMP_0546,13045,11108,92.08569444444444,23.37625,4,South-West_Mizoram,123.0,15.112232208251953,0.40769328671856725,-0.913118931993315,0.005091114901006222,5.433766841888428,0.840203583240509,-0.7616821527481079,0.19182701408863068,0.840203583240509,-0.7616821527481079,0.19182701408863068,1,57464.87109375,0
SMP_0547,15214,11203,92.11208333333333,22.77375,4,South-West_Mizoram,34.0,0.7388117909431458,-0.3399825137275609,-0.9404317574175645,-0.0010454235598444939,9.728263854980469,0.5415507555007935,-0.46554335951805115,0.17785075306892395,0.5415507555007935,-0.46554335951805115,0.17785075306892395,1,42730.62109375,0
SMP_0548,4419,12375,92.43763888888888,25.77236111111111,2,North-East_Meghalaya,959.0,4.734334468841553,-0.21680932317812396,-0.9762139711062549,-0.010312395170331001,10.734761238098145,0.8558405637741089,-0.7590761184692383,0.2576158046722412,0.8558405637741089,-0.7590761184692383,0.2576158046722412,1,34699.21484375,0
SMP_0549,6277,10761,91.98930555555556,25.25625,2,North-East_Meghalaya,391.0,33.51792526245117,-0.46563761744001503,0.8849754850981953,-0.0015941893216222525,4.942065715789795,0.90022212266922,-0.8633298873901367,0.3386140763759613,0.90022212266922,-0.8633298873901367,0.3386140763759613,1,10807.7119140625,0
SMP_0550,21306,12710,92.53069444444445,21.08152777777778,5,South-East_Mizoram,155.0,22.48819923400879,-0.9942143328458547,0.10741443275403931,-0.0005799236241728067,5.699721336364746,0.8433352708816528,-0.7496384382247925,0.31213876605033875,0.8433352708816528,-0.7496384382247925,0.31213876605033875,1,162795.0,0
SMP_0551,8953,14520,93.03347222222223,24.512916666666666,3,Central_Transition,216.0,17.385988235473633,0.5817641903198775,0.8133575024928813,0.0017115527298301458,5.691275596618652,nan,nan,nan,0.6403788626194,-0.6150324940681458,0.14333602786064148,0,24660.55078125,0
SMP_0552,779,4355,90.20986111111111,26.783472222222223,1,North-West_Meghalaya,229.0,16.541627883911133,0.9300283810526198,-0.3674877010685435,-0.005190616939216852,6.254918098449707,nan,nan,nan,0.6403788626194,-0.6150324940681458,0.14333602786064148,0,51337.15234375,0
SMP_0553,4507,14390,92.9973611111111,25.747916666666665,2,North-East_Meghalaya,164.0,12.683945655822754,0.777697856250637,0.6286382460391378,-0.004007960669696331,7.320730209350586,0.8064208626747131,-0.726058840751648,0.251338928937912,0.8064208626747131,-0.726058840751648,0.251338928937912,1,24872.896484375,0
SMP_0554,18731,14508,93.03013888888889,21.796805555555554,5,South-East_Mizoram,349.0,24.552593231201172,-0.13342133325191421,-0.9910594068133765,0.00484700920060277,5.3135151863098145,0.8781296014785767,-0.7970315217971802,0.24762441217899323,0.8781296014785767,-0.7970315217971802,0.24762441217899323,1,76183.03125,0
SMP_0555,9034,10955,92.04319444444444,24.49041666666667,3,Central_Transition,25.0,2.8455405235290527,-0.44684453887958414,0.8946116241551368,-0.002052007708698511,7.531733989715576,0.722901463508606,-0.6694527268409729,0.12263303995132446,0.722901463508606,-0.6694527268409729,0.12263303995132446,1,39559.3984375,0
SMP_0556,284,12589,92.49708333333334,26.920972222222222,2,North-East_Meghalaya,145.0,4.622217178344727,1.2246467991473532e-16,-1.0,-0.0020624790340662003,8.779863357543945,nan,nan,nan,0.6403788626194,-0.6150324940681458,0.14333602786064148,0,32115.87109375,0
SMP_0557,2695,10561,91.93375,26.25125,2,North-East_Meghalaya,45.0,0.0,-0.01745240643728351,0.9998476951563913,0.0,10.475428581237793,nan,nan,nan,0.6403788626194,-0.6150324940681458,0.14333602786064148,0,3537.93359375,0
SMP_0558,8562,10834,92.00958333333334,24.62152777777778,3,Central_Transition,11.0,1.7227931022644043,-0.5913689230623889,0.8064011389104249,-0.0018959124572575092,9.014890670776367,0.7398943305015564,-0.6163643598556519,0.3443329334259033,0.7398943305015564,-0.6163643598556519,0.3443329334259033,1,41424.9296875,0
SMP_0559,13218,15054,93.18180555555556,23.328194444444446,5,South-East_Mizoram,854.0,17.703975677490234,-0.8964109937150548,-0.44322379262262973,-0.0034788334742188454,6.1827921867370605,nan,nan,nan,0.6403788626194,-0.6150324940681458,0.14333602786064148,0,12021.310546875,0
SMP_0560,4930,14390,92.9973611111111,25.630416666666665,2,North-East_Meghalaya,219.0,11.965109825134277,0.12694209139848917,-0.9919101297150753,0.0003456676786299795,5.676163196563721,0.8615952730178833,-0.7581140398979187,0.2466077208518982,0.8615952730178833,-0.7581140398979187,0.2466077208518982,1,11816.8408203125,0
SMP_0561,20911,11054,92.07069444444444,21.19125,4,South-West_Mizoram,29.0,3.4727632999420166,-0.5001063196653099,-0.8659640113947108,0.0028177083004266024,6.926668643951416,0.5621191263198853,-0.5506860017776489,0.004334124270826578,0.5621191263198853,-0.5506860017776489,0.004334124270826578,1,174469.34375,0
SMP_0562,12677,16671,93.63097222222223,23.478472222222223,5,South-East_Mizoram,1176.0,31.327407836914062,0.0868912328908315,-0.9962178043212796,-0.0034130665007978678,6.007399559020996,nan,nan,nan,0.6403788626194,-0.6150324940681458,0.14333602786064148,0,28917.365234375,0
SMP_0563,573,14361,92.98930555555556,26.840694444444445,2,North-East_Meghalaya,90.0,2.454057216644287,-0.5285549042378984,-0.8488991183916178,-0.0005626938072964549,7.2744903564453125,nan,nan,nan,0.6403788626194,-0.6150324940681458,0.14333602786064148,0,26777.181640625,0
SMP_0564,16408,14704,93.08458333333333,22.442083333333333,5,South-East_Mizoram,1465.0,15.007370948791504,0.09788594778480393,-0.9951976392788875,-0.00825943611562252,6.539673328399658,0.7913548946380615,-0.7726795673370361,0.15496337413787842,0.7913548946380615,-0.7726795673370361,0.15496337413787842,1,13696.0205078125,0
SMP_0565,4468,7044,90.95680555555556,25.75875,1,North-West_Meghalaya,647.0,7.8258280754089355,-0.0,1.0,-0.003111364785581827,6.514634609222412,nan,nan,nan,0.6403788626194,-0.6150324940681458,0.14333602786064148,0,30390.537109375,0
SMP_0566,2831,7144,90.98458333333333,26.213472222222222,1,North-West_Meghalaya,35.0,0.0,-0.01745240643728351,0.9998476951563913,0.0,10.475428581237793,nan,nan,nan,0.6403788626194,-0.6150324940681458,0.14333602786064148,0,32390.62109375,0
SMP_0567,10343,11084,92.07902777777778,24.126805555555556,3,Central_Transition,216.0,19.423696517944336,0.703430630548971,-0.7107639186153705,0.0072313398122787476,7.246421813964844,nan,nan,nan,0.6403788626194,-0.6150324940681458,0.14333602786064148,0,28772.447265625,0
SMP_0568,12814,12968,92.60236111111111,23.440416666666668,5,South-East_Mizoram,735.0,33.87837219238281,0.9252730469496714,0.3793017118185353,-0.0006330712931230664,4.5229716300964355,nan,nan,nan,0.6403788626194,-0.6150324940681458,0.14333602786064148,0,22618.087890625,0
SMP_0569,76,822,89.22847222222222,26.97875,1,North-West_Meghalaya,981.0,27.419963836669922,-0.41094417416962864,0.9116605101220749,0.001093523926101625,5.474015235900879,nan,nan,nan,0.6403788626194,-0.6150324940681458,0.14333602786064148,0,157882.625,0
SMP_0570,12883,12747,92.54097222222222,23.42125,5,South-East_Mizoram,450.0,36.5148811340332,0.41057194304649985,0.9118282072753736,-0.0002910901966970414,5.5238447189331055,nan,nan,nan,0.6403788626194,-0.6150324940681458,0.14333602786064148,0,28370.837890625,0
SMP_0571,16572,17261,93.79486111111112,22.396527777777777,5,South-East_Mizoram,720.0,30.03713035583496,-0.022684724346599225,-0.9997426685309169,-0.0027320198714733124,5.365574836730957,nan,nan,nan,0.6403788626194,-0.6150324940681458,0.14333602786064148,0,92500.7578125,0
SMP_0572,2635,10536,91.92680555555556,26.267916666666668,2,North-East_Meghalaya,47.0,2.334789752960205,-0.9950728851473556,-0.09914612067306351,-0.0,8.422981262207031,nan,nan,nan,0.6403788626194,-0.6150324940681458,0.14333602786064148,0,5115.123046875,0
SMP_0573,2920,4110,90.14180555555555,26.18875,1,North-West_Meghalaya,34.0,2.0995006561279297,-0.12288378205786314,-0.9924210679480537,-0.0,7.430697441101074,0.5625270009040833,-0.48673874139785767,0.18012943863868713,0.5625270009040833,-0.48673874139785767,0.18012943863868713,1,56486.1796875,0
SMP_0574,4220,6658,90.84958333333333,25.827638888888888,1,North-West_Meghalaya,174.0,19.475826263427734,-0.9905476538246778,-0.13716903988300785,0.004132149275392294,5.569547653198242,nan,nan,nan,0.6403788626194,-0.6150324940681458,0.14333602786064148,0,30429.439453125,0
SMP_0575,253,4357,90.21041666666666,26.929583333333333,1,North-West_Meghalaya,1418.0,40.292259216308594,-0.2513498471524618,-0.9678963035038589,-0.0006849438068456948,4.289693355560303,nan,nan,nan,0.6403788626194,-0.6150324940681458,0.14333602786064148,0,63171.734375,0
SMP_0576,21317,13015,92.61541666666666,21.078472222222224,5,South-East_Mizoram,94.0,8.101941108703613,-0.9738544781453174,0.22717274351539504,-0.0004923320957459509,6.074044704437256,0.8663941025733948,-0.7661917209625244,0.2589736878871918,0.8663941025733948,-0.7661917209625244,0.2589736878871918,1,160569.015625,0
SMP_0577,6826,8757,91.43263888888889,25.10375,2,North-East_Meghalaya,11.0,1.7247695922851562,-0.7412488327044526,-0.6712303390150705,-5.7697234296938404e-05,7.627449035644531,0.25313177704811096,-0.25932976603507996,0.3918696343898773,0.25313177704811096,-0.25932976603507996,0.3918696343898773,1,38118.75390625,0
SMP_0578,779,13069,92.63041666666666,26.783472222222223,2,North-East_Meghalaya,90.0,4.965780735015869,-0.9902115015861558,0.13957500537879486,0.0013239714317023754,7.260912895202637,nan,nan,nan,0.6403788626194,-0.6150324940681458,0.14333602786064148,0,26283.51953125,0
SMP_0579,6922,36,89.01013888888889,25.077083333333334,1,North-West_Meghalaya,23.0,0.801303505897522,-0.957320944627951,0.2890270038883001,-0.0012742376420646906,8.799759864807129,nan,nan,nan,0.6403788626194,-0.6150324940681458,0.14333602786064148,0,122603.5703125,0
SMP_0580,16720,11077,92.07708333333333,22.355416666666667,4,South-West_Mizoram,54.0,13.61986255645752,0.8117956076538787,0.5839416849257038,-0.0033605240751057863,5.542227745056152,0.5308392643928528,-0.5177143812179565,0.018829556182026863,0.5308392643928528,-0.5177143812179565,0.018829556182026863,1,75546.203125,0
SMP_0581,16564,11220,92.11680555555556,22.39875,4,South-West_Mizoram,28.0,3.5331690311431885,0.9913900426621916,0.13094190815112638,-0.003788513597100973,9.307275772094727,0.44746264815330505,-0.5050665140151978,-0.14134395122528076,0.44746264815330505,-0.5050665140151978,-0.14134395122528076,1,69062.3828125,0
SMP_0582,1023,8638,91.39958333333334,26.715694444444445,2,North-East_Meghalaya,98.0,1.9427664279937744,-0.9339061555040205,-0.3575182410894588,-0.0017015156336128712,8.424638748168945,nan,nan,nan,0.6403788626194,-0.6150324940681458,0.14333602786064148,0,43473.14453125,0
SMP_0583,6246,8445,91.34597222222222,25.26486111111111,2,North-East_Meghalaya,730.0,28.625455856323242,0.6551925759085385,0.755461904052305,0.0028233854100108147,5.13559627532959,0.8906198740005493,-0.8315138816833496,0.37619295716285706,0.8906198740005493,-0.8315138816833496,0.37619295716285706,1,26587.158203125,0
SMP_0584,18683,14530,93.03625,21.81013888888889,5,South-East_Mizoram,472.0,44.26833724975586,0.16080246294244607,0.9869866097934882,0.00013002826017327607,5.536454677581787,0.8653662800788879,-0.8335312008857727,0.40358975529670715,0.8653662800788879,-0.8335312008857727,0.40358975529670715,1,74773.6875,0
SMP_0585,15204,10906,92.02958333333333,22.77652777777778,4,South-West_Mizoram,62.0,12.01974868774414,0.9883978223450894,0.15188727656879297,-0.0034908484667539597,7.686374187469482,0.6952652931213379,-0.646621584892273,0.1810414344072342,0.6952652931213379,-0.646621584892273,0.1810414344072342,1,43601.640625,0
SMP_0586,16846,12980,92.60569444444444,22.320416666666667,5,South-East_Mizoram,211.0,14.705939292907715,0.7492404683509505,-0.6622980602306249,0.008614327758550644,5.462289810180664,0.7447859048843384,-0.6907896995544434,0.1302519589662552,0.7447859048843384,-0.6907896995544434,0.1302519589662552,1,40276.6484375,0
SMP_0587,8760,16944,93.70680555555556,24.56652777777778,3,Central_Transition,1136.0,16.758283615112305,0.9594398183135936,0.28191352403596825,-0.0031069223769009113,8.065692901611328,nan,nan,nan,0.6403788626194,-0.6150324940681458,0.14333602786064148,0,21652.13671875,0
SMP_0588,8427,16761,93.65597222222222,24.659027777777776,3,Central_Transition,800.0,32.139434814453125,-0.6655179895477744,0.7463818095239785,-0.004316292703151703,5.28256893157959,nan,nan,nan,0.6403788626194,-0.6150324940681458,0.14333602786064148,0,14885.66015625,0
SMP_0589,12827,11212,92.11458333333333,23.436805555555555,4,South-West_Mizoram,118.0,8.056875228881836,0.03112546104300541,-0.9995154854602606,-0.00887838564813137,6.485162258148193,0.737001359462738,-0.6675816178321838,0.21272629499435425,0.737001359462738,-0.6675816178321838,0.21272629499435425,1,53474.46875,0
SMP_0590,20637,11225,92.11819444444444,21.26736111111111,4,South-West_Mizoram,10.0,3.17526912689209,0.8601281836773924,-0.5100779427144737,-0.0016933816950768232,7.709575176239014,0.3813859224319458,-0.46413707733154297,-0.022345107048749924,0.3813859224319458,-0.46413707733154297,-0.022345107048749924,1,164506.546875,0
SMP_0591,20747,14914,93.14291666666666,21.236805555555556,5,South-East_Mizoram,470.0,40.03104782104492,-0.9706209774995704,0.24061362812147283,0.0038616787642240524,5.397555351257324,nan,nan,nan,0.6403788626194,-0.6150324940681458,0.14333602786064148,0,139505.796875,0
SMP_0592,16955,16465,93.57375,22.29013888888889,5,South-East_Mizoram,1651.0,38.48280715942383,0.456153830278538,0.8899009400614311,0.002212321385741234,5.606861591339111,nan,nan,nan,0.6403788626194,-0.6150324940681458,0.14333602786064148,0,70652.453125,0
SMP_0593,971,10781,91.9948611111111,26.730138888888888,2,North-East_Meghalaya,99.0,1.4829810857772827,-0.34965902822907013,-0.9368770271374479,-0.0020883900579065084,7.778566837310791,nan,nan,nan,0.6403788626194,-0.6150324940681458,0.14333602786064148,0,40226.49609375,0
SMP_0594,638,2162,89.60069444444444,26.82263888888889,1,North-West_Meghalaya,639.0,27.35496711730957,0.560364662784193,0.8282460049422259,-0.000686612562276423,5.88225793838501,nan,nan,nan,0.6403788626194,-0.6150324940681458,0.14333602786064148,0,113046.5859375,0
SMP_0595,16696,10893,92.02597222222222,22.362083333333334,4,South-West_Mizoram,49.0,15.277181625366211,0.8641749428163551,-0.5031914826468642,-2.0846142433583736e-05,5.422384738922119,nan,nan,nan,0.6403788626194,-0.6150324940681458,0.14333602786064148,0,78410.4140625,0
SMP_0596,19356,14945,93.15152777777777,21.623194444444444,5,South-East_Mizoram,826.0,29.72577667236328,0.21323827061864448,0.9770002251502145,-0.00084313889965415,4.685007572174072,nan,nan,nan,0.6403788626194,-0.6150324940681458,0.14333602786064148,0,97349.328125,0
SMP_0597,268,14345,92.98486111111112,26.925416666666667,2,North-East_Meghalaya,125.0,1.0620684623718262,-0.48912932934624054,-0.8722112698041095,0.001195072429254651,8.11251163482666,nan,nan,nan,0.6403788626194,-0.6150324940681458,0.14333602786064148,0,22898.119140625,0
SMP_0598,10468,12457,92.46041666666666,24.092083333333335,3,Central_Transition,109.0,10.760470390319824,0.023300550650617726,-0.999728505315007,-0.002589315641671419,6.19057559967041,nan,nan,nan,0.6403788626194,-0.6150324940681458,0.14333602786064148,0,24214.0859375,0
SMP_0599,8537,12292,92.41458333333334,24.62847222222222,3,Central_Transition,16.0,1.294625163078308,-0.9838721213901147,-0.1788732756767077,-0.0012650330318138003,8.607600212097168,0.06909570842981339,-0.03647584095597267,0.39231500029563904,0.06909570842981339,-0.03647584095597267,0.39231500029563904,1,4821.0234375,0
SMP_0600,10703,16989,93.71930555555555,24.026805555555555,3,Central_Transition,1231.0,22.472267150878906,0.16049588944419402,0.987036508682185,-0.004134162329137325,7.204585552215576,nan,nan,nan,0.6403788626194,-0.6150324940681458,0.14333602786064148,0,29267.59765625,0
SMP_0601,6756,2988,89.83013888888888,25.123194444444444,1,North-West_Meghalaya,22.0,2.1157162189483643,0.48342657433453906,0.8753849137534713,-0.0002975486568175256,7.828461647033691,nan,nan,nan,0.6403788626194,-0.6150324940681458,0.14333602786064148,0,50933.82421875,0
SMP_0602,12583,14528,93.03569444444445,23.504583333333333,5,South-East_Mizoram,616.0,8.855440139770508,0.5941736093560989,0.8043368212041185,0.0028021512553095818,8.426152229309082,nan,nan,nan,0.6403788626194,-0.6150324940681458,0.14333602786064148,0,15214.876953125,0
SMP_0603,21128,16836,93.67680555555556,21.130972222222223,5,South-East_Mizoram,1233.0,20.47202491760254,0.2669988034253749,0.9636968605165309,0.014551583677530289,5.109914779663086,nan,nan,nan,0.6403788626194,-0.6150324940681458,0.14333602786064148,0,169402.1875,0
SMP_0604,681,10712,91.97569444444444,26.810694444444444,2,North-East_Meghalaya,173.0,0.6956401467323303,0.746069788383065,-0.6658677577883229,0.0,9.228865623474121,nan,nan,nan,0.6403788626194,-0.6150324940681458,0.14333602786064148,0,45218.5,0
SMP_0605,16719,12791,92.55319444444444,22.355694444444445,5,South-East_Mizoram,139.0,3.6878714561462402,-0.33907171054522445,-0.9407605301605375,0.004181940108537674,6.866413116455078,0.795409619808197,-0.7128535509109497,0.26784569025039673,0.795409619808197,-0.7128535509109497,0.26784569025039673,1,43210.15625,0
SMP_0606,4935,2869,89.79708333333333,25.62902777777778,1,North-West_Meghalaya,25.0,1.037541151046753,0.7426984468237952,-0.6696260277838089,-0.0014657657593488693,8.541346549987793,nan,nan,nan,0.6403788626194,-0.6150324940681458,0.14333602786064148,0,15816.240234375,0
SMP_0607,2489,633,89.17597222222223,26.30847222222222,1,North-West_Meghalaya,53.0,0.46321699023246765,-0.0,1.0,0.0,8.9423828125,nan,nan,nan,0.6403788626194,-0.6150324940681458,0.14333602786064148,0,103760.6171875,0
SMP_0608,17194,17358,93.82180555555556,22.22375,5,South-East_Mizoram,736.0,25.228012084960938,0.9360875587679697,0.3517670853275259,0.000687877181917429,7.821610927581787,nan,nan,nan,0.6403788626194,-0.6150324940681458,0.14333602786064148,0,99189.234375,0
SMP_0609,6463,4437,90.23263888888889,25.204583333333332,1,North-West_Meghalaya,31.0,4.027811050415039,-0.8882963584471774,0.4592707040183206,0.0035879143979400396,6.777972221374512,nan,nan,nan,0.6403788626194,-0.6150324940681458,0.14333602786064148,0,33824.80078125,0
SMP_0610,6349,151,89.04208333333334,25.23625,1,North-West_Meghalaya,24.0,1.640940546989441,-0.15599728171213104,0.9877574844557879,0.0020883900579065084,7.677301406860352,nan,nan,nan,0.6403788626194,-0.6150324940681458,0.14333602786064148,0,110030.734375,0
SMP_0611,6491,820,89.22791666666667,25.196805555555557,1,North-West_Meghalaya,24.0,3.518923282623291,0.944440217578168,0.32868324481315236,-0.00021504552569240332,7.318896293640137,nan,nan,nan,0.6403788626194,-0.6150324940681458,0.14333602786064148,0,95243.6015625,0
SMP_0612,2063,4593,90.27597222222222,26.426805555555557,1,North-West_Meghalaya,47.0,1.3135513067245483,-0.9843373012440025,-0.1762954264286903,-0.0,8.593082427978516,nan,nan,nan,0.6403788626194,-0.6150324940681458,0.14333602786064148,0,31906.787109375,0
SMP_0613,8553,14944,93.15125,24.624027777777776,3,Central_Transition,183.0,19.54871940612793,-0.13775886963807954,0.9904657963988653,0.00212551630102098,5.853188991546631,nan,nan,nan,0.6403788626194,-0.6150324940681458,0.14333602786064148,0,20797.474609375,0
SMP_0614,19341,10820,92.00569444444444,21.62736111111111,4,South-West_Mizoram,9.0,10.439270973205566,0.9912970345554234,-0.13164417678584864,-0.0016680562403053045,6.221582889556885,nan,nan,nan,0.6403788626194,-0.6150324940681458,0.14333602786064148,0,141444.03125,0
SMP_0615,6335,10353,91.87597222222222,25.24013888888889,2,North-East_Meghalaya,335.0,12.80169677734375,0.963736704739242,-0.26685494924836417,-0.01421166118234396,10.788213729858398,0.41361212730407715,-0.4967309534549713,-0.09146372228860855,0.41361212730407715,-0.4967309534549713,-0.09146372228860855,1,7893.7958984375,0
SMP_0616,6993,963,89.26763888888888,25.05736111111111,1,North-West_Meghalaya,22.0,0.8011853098869324,0.9573080507738488,-0.2890697077238881,-0.0012738275108858943,9.087589263916016,nan,nan,nan,0.6403788626194,-0.6150324940681458,0.14333602786064148,0,102396.3515625,0
SMP_0617,8953,12499,92.47208333333333,24.512916666666666,3,Central_Transition,44.0,5.365828990936279,-0.14190527917575993,-0.9898802411110394,0.0028927167877554893,6.489864349365234,0.7985044121742249,-0.7369388341903687,0.19033557176589966,0.7985044121742249,-0.7369388341903687,0.19033557176589966,1,4867.3056640625,0
SMP_0618,16472,12804,92.55680555555556,22.424305555555556,5,South-East_Mizoram,80.0,4.864149570465088,-0.9249799311804731,-0.3800159561299596,0.0007965840632095933,9.19123649597168,0.6960663199424744,-0.6254839301109314,0.22796963155269623,0.6960663199424744,-0.6254839301109314,0.22796963155269623,1,39923.87109375,0
SMP_0619,2228,12627,92.50763888888889,26.380972222222223,2,North-East_Meghalaya,63.0,1.1864063739776611,-0.21788577453583333,-0.9759742769432604,-0.0,8.0017728805542,nan,nan,nan,0.6403788626194,-0.6150324940681458,0.14333602786064148,0,59583.55859375,0
SMP_0620,14507,14480,93.02236111111111,22.97013888888889,5,South-East_Mizoram,785.0,20.040462493896484,0.07221899524801954,-0.9973887991778164,0.0025282318238168955,5.826252460479736,nan,nan,nan,0.6403788626194,-0.6150324940681458,0.14333602786064148,0,31268.3125,0
SMP_0621,20680,15310,93.25291666666666,21.25541666666667,5,South-East_Mizoram,404.0,29.261388778686523,-0.4877161700830992,0.8730022551170606,0.002174215391278267,6.313360214233398,nan,nan,nan,0.6403788626194,-0.6150324940681458,0.14333602786064148,0,139722.390625,0
SMP_0622,11002,14874,93.13180555555556,23.94375,5,South-East_Mizoram,1209.0,24.282577514648438,1.0,6.123233995736766e-17,-0.0009576939046382904,5.326035499572754,nan,nan,nan,0.6403788626194,-0.6150324940681458,0.14333602786064148,0,14187.0830078125,0
SMP_0623,6304,519,89.14430555555556,25.24875,1,North-West_Meghalaya,29.0,1.389441967010498,0.5528007913187745,-0.8333134374995622,0.0008853801991790533,7.843746662139893,nan,nan,nan,0.6403788626194,-0.6150324940681458,0.14333602786064148,0,99551.34375,0
SMP_0624,4973,4132,90.14791666666666,25.618472222222223,1,North-West_Meghalaya,353.0,1.3832032680511475,-0.7426690212940568,-0.66965866290979,-0.002643488347530365,7.848248481750488,0.6848657131195068,-0.6239059567451477,0.10300175845623016,0.6848657131195068,-0.6239059567451477,0.10300175845623016,1,13042.134765625,0
SMP_0625,451,387,89.10763888888889,26.874583333333334,1,North-West_Meghalaya,433.0,23.982418060302734,-0.7640376949152281,-0.6451716056590098,0.0013338591670617461,5.340075969696045,nan,nan,nan,0.6403788626194,-0.6150324940681458,0.14333602786064148,0,155566.765625,0
SMP_0626,4717,2425,89.67375,25.689583333333335,1,North-West_Meghalaya,26.0,0.6919298768043518,-0.7428674820761304,-0.6694384990974676,-0.00024180032778531313,8.541067123413086,nan,nan,nan,0.6403788626194,-0.6150324940681458,0.14333602786064148,0,25794.390625,0
SMP_0627,21139,12649,92.51375,21.127916666666668,5,South-East_Mizoram,119.0,15.807409286499023,-0.9949924499596347,-0.09995011017164512,-0.0025480317417532206,6.995971202850342,0.7961779832839966,-0.7346495985984802,0.1667327731847763,0.7961779832839966,-0.7346495985984802,0.1667327731847763,1,158467.984375,0
SMP_0628,6278,2124,89.59013888888889,25.255972222222223,1,North-West_Meghalaya,21.0,0.8023815155029297,0.9574380950690657,0.2886386912915846,5.483292989083566e-05,8.392950057983398,nan,nan,nan,0.6403788626194,-0.6150324940681458,0.14333602786064148,0,61844.1875,0
SMP_0629,2987,2654,89.73736111111111,26.17013888888889,1,North-West_Meghalaya,37.0,3.178313970565796,0.4866809071319178,0.8735798158343939,-0.0002480346302036196,7.931758403778076,nan,nan,nan,0.6403788626194,-0.6150324940681458,0.14333602786064148,0,52950.7421875,0
SMP_0630,8361,14941,93.15041666666667,24.67736111111111,3,Central_Transition,161.0,20.591928482055664,-0.1420882297626115,0.9898539967909041,0.0049903360195457935,6.202155590057373,nan,nan,nan,0.6403788626194,-0.6150324940681458,0.14333602786064148,0,14982.8251953125,0
SMP_0631,10963,11160,92.10013888888889,23.954583333333332,4,South-West_Mizoram,290.0,12.020970344543457,-0.9971127255737272,0.07593558124445382,0.009991888888180256,5.6713666915893555,0.5965682864189148,-0.5857881903648376,0.09425889700651169,0.5965682864189148,-0.5857881903648376,0.09425889700651169,1,24923.302734375,0
SMP_0632,44,4410,90.22513888888889,26.98763888888889,1,North-West_Meghalaya,2348.0,29.707324981689453,0.8189353826346077,-0.5738857369451769,-0.00042372834286652505,5.78436803817749,nan,nan,nan,0.6403788626194,-0.6150324940681458,0.14333602786064148,0,67481.46875,0
SMP_0633,7150,4659,90.29430555555555,25.01375,1,North-West_Meghalaya,17.0,4.572721004486084,0.27887472234655347,0.9603274906177229,-0.0011658392613753676,7.056075096130371,nan,nan,nan,0.6403788626194,-0.6150324940681458,0.14333602786064148,0,36028.25390625,0
SMP_0634,2535,538,89.14958333333334,26.295694444444443,1,North-West_Meghalaya,51.0,1.9228793382644653,0.268608254720108,-0.9632495032421339,0.0003134770377073437,7.518645286560059,nan,nan,nan,0.6403788626194,-0.6150324940681458,0.14333602786064148,0,105198.3515625,0
SMP_0635,13146,15315,93.25430555555556,23.348194444444445,5,South-East_Mizoram,1333.0,21.213239669799805,0.46509383785404873,0.885261386252779,0.0009409922058694065,5.0710062980651855,nan,nan,nan,0.6403788626194,-0.6150324940681458,0.14333602786064148,0,16386.015625,0
SMP_0636,2260,6424,90.78458333333333,26.372083333333332,1,North-West_Meghalaya,51.0,0.46321699023246765,1.2246467991473532e-16,-1.0,0.0,8.9423828125,nan,nan,nan,0.6403788626194,-0.6150324940681458,0.14333602786064148,0,27921.6328125,0
SMP_0637,8656,16800,93.66680555555556,24.595416666666665,3,Central_Transition,490.0,15.904924392700195,-0.9049151612559244,0.42559200054649104,0.002682315418496728,5.785522937774658,nan,nan,nan,0.6403788626194,-0.6150324940681458,0.14333602786064148,0,19337.154296875,0
SMP_0638,14371,12897,92.5826388888889,23.007916666666667,5,South-East_Mizoram,143.0,10.511251449584961,0.5917503200938519,0.8061213051823056,0.00732883857563138,5.809090614318848,nan,nan,nan,0.6403788626194,-0.6150324940681458,0.14333602786064148,0,16555.3828125,0
SMP_0639,19127,14832,93.12013888888889,21.686805555555555,5,South-East_Mizoram,637.0,24.129575729370117,0.9517640157780826,-0.30683099300751515,-0.00999404489994049,6.026323318481445,nan,nan,nan,0.6403788626194,-0.6150324940681458,0.14333602786064148,0,89720.109375,0
SMP_0640,6949,4574,90.27069444444444,25.069583333333334,1,North-West_Meghalaya,16.0,0.7403554916381836,0.3453588826913314,-0.9384706932804003,0.0010454235598444939,8.473413467407227,nan,nan,nan,0.6403788626194,-0.6150324940681458,0.14333602786064148,0,35155.1328125,0
SMP_0641,2884,2387,89.66319444444444,26.19875,1,North-West_Meghalaya,28.0,0.0,-0.01745240643728351,0.9998476951563913,0.0,10.475428581237793,nan,nan,nan,0.6403788626194,-0.6150324940681458,0.14333602786064148,0,59176.7421875,0
SMP_0642,2877,14337,92.98263888888889,26.200694444444444,2,North-East_Meghalaya,76.0,1.3869813680648804,-0.7443103723898579,-0.6678338637362373,-0.002593092620372772,8.250985145568848,0.3066430389881134,-0.4298098087310791,-0.12748625874519348,0.3066430389881134,-0.4298098087310791,-0.12748625874519348,1,42627.66015625,0
SMP_0643,6736,10830,92.00847222222222,25.12875,2,North-East_Meghalaya,13.0,1.389408826828003,-0.0,1.0,-0.0,7.8437700271606445,0.20422808825969696,-0.21998152136802673,0.30091866850852966,0.20422808825969696,-0.21998152136802673,0.30091866850852966,1,22704.728515625,0
SMP_0644,978,8304,91.30680555555556,26.728194444444444,2,North-East_Meghalaya,78.0,3.8189969062805176,0.7458294558866004,-0.6661369399244403,0.0014725056244060397,6.831374645233154,nan,nan,nan,0.6403788626194,-0.6150324940681458,0.14333602786064148,0,44371.6953125,0
SMP_0645,20802,10850,92.01402777777778,21.22152777777778,4,South-West_Mizoram,0.0,0.0,-0.01745240643728351,0.9998476951563913,0.0,10.475428581237793,nan,nan,nan,0.6403788626194,-0.6150324940681458,0.14333602786064148,0,175449.40625,0
SMP_0646,10599,10832,92.00902777777777,24.055694444444445,3,Central_Transition,80.0,3.102602005004883,0.24501509684100978,0.9695192635115564,-0.0008823468815535307,7.7327728271484375,nan,nan,nan,0.6403788626194,-0.6150324940681458,0.14333602786064148,0,24753.685546875,0
SMP_0647,6356,6329,90.75819444444444,25.234305555555554,1,North-West_Meghalaya,101.0,27.281755447387695,-0.09531555886477182,0.9954471077050233,-0.005814049858599901,5.479926586151123,nan,nan,nan,0.6403788626194,-0.6150324940681458,0.14333602786064148,0,22602.771484375,0
SMP_0648,6175,11054,92.07069444444444,25.284583333333334,2,North-East_Meghalaya,1030.0,2.247772216796875,-0.9112046759526204,0.41195392766919947,0.0014765944797545671,7.362391948699951,0.4140036106109619,-0.5636419057846069,-0.17844854295253754,0.4140036106109619,-0.5636419057846069,-0.17844854295253754,1,18546.5234375,0
SMP_0649,8890,11214,92.1151388888889,24.530416666666667,3,Central_Transition,38.0,3.984191417694092,0.9569669254915204,0.2901970081088135,0.0014313091523945332,6.788896560668945,0.8328423500061035,-0.7328166961669922,0.2673080265522003,0.8328423500061035,-0.7328166961669922,0.2673080265522003,1,30626.712890625,0
SMP_0650,4712,10343,91.87319444444445,25.69097222222222,2,North-East_Meghalaya,857.0,2.7657217979431152,-0.7428714042730186,0.6694341466592764,-0.0007850676192902029,7.560230731964111,0.8019557595252991,-0.7401453256607056,0.24912111461162567,0.8019557595252991,-0.7401453256607056,0.24912111461162567,1,5760.8291015625,0
SMP_0651,12905,16990,93.71958333333333,23.41513888888889,5,South-East_Mizoram,1101.0,27.66914176940918,-0.8653695229384374,0.5011343021279837,0.0013356289127841592,4.770261287689209,nan,nan,nan,0.6403788626194,-0.6150324940681458,0.14333602786064148,0,40404.16796875,0
SMP_0652,11014,12876,92.57680555555555,23.940416666666668,5,South-East_Mizoram,465.0,25.81550407409668,-0.8228673360187068,0.5682335323733338,0.005102925933897495,4.850799083709717,nan,nan,nan,0.6403788626194,-0.6150324940681458,0.14333602786064148,0,13399.0888671875,0
SMP_0653,8635,15172,93.21458333333334,24.60125,3,Central_Transition,85.0,10.182838439941406,-0.8415804390784993,-0.5401318029522426,-0.0009799010585993528,6.246999263763428,nan,nan,nan,0.6403788626194,-0.6150324940681458,0.14333602786064148,0,25409.30078125,0
SMP_0654,18926,15179,93.21652777777777,21.74263888888889,5,South-East_Mizoram,604.0,35.06251525878906,-0.3596550016305834,0.9330853550464208,-0.0012799889082089067,4.8841400146484375,nan,nan,nan,0.6403788626194,-0.6150324940681458,0.14333602786064148,0,86453.03125,0
SMP_0655,6982,8376,91.32680555555555,25.060416666666665,2,North-East_Meghalaya,10.0,2.370560884475708,-0.21559244164639174,0.9764834351410919,0.00039337101043201983,7.309147357940674,0.46125108003616333,-0.4343535006046295,0.06086186692118645,0.46125108003616333,-0.4343535006046295,0.06086186692118645,1,48353.77734375,0
SMP_0656,6330,743,89.20652777777778,25.241527777777776,1,North-West_Meghalaya,24.0,1.389408826828003,1.2246467991473532e-16,-1.0,-0.0,8.249235153198242,nan,nan,nan,0.6403788626194,-0.6150324940681458,0.14333602786064148,0,94213.2578125,0
SMP_0657,18848,11032,92.06458333333333,21.764305555555556,4,South-West_Mizoram,10.0,1.0520703792572021,0.4740425306721679,-0.8805019472516382,0.0010454235598444939,8.12197208404541,0.44232887029647827,-0.4417220652103424,0.05639982596039772,0.44232887029647827,-0.4417220652103424,0.05639982596039772,1,126149.2734375,0
SMP_0658,6612,12474,92.46513888888889,25.163194444444443,2,North-East_Meghalaya,491.0,7.853451251983643,0.6475978378515637,-0.7619823097749578,0.005904956720769405,6.1056013107299805,0.9075940847396851,-0.816089928150177,0.3059106171131134,0.9075940847396851,-0.816089928150177,0.3059106171131134,1,9693.9521484375,0
SMP_0659,6983,4263,90.18430555555555,25.06013888888889,1,North-West_Meghalaya,15.0,1.6020907163619995,0.9573098598772161,-0.2890637164741798,-0.00017761823255568743,8.394421577453613,nan,nan,nan,0.6403788626194,-0.6150324940681458,0.14333602786064148,0,44416.234375,0
SMP_0660,2455,2795,89.77652777777777,26.317916666666665,1,North-West_Meghalaya,39.0,3.097745180130005,-1.0,-1.8369701987210297e-16,0.001296000904403627,7.041194915771484,nan,nan,nan,0.6403788626194,-0.6150324940681458,0.14333602786064148,0,67553.0,0
SMP_0661,13293,15339,93.26097222222222,23.30736111111111,5,South-East_Mizoram,1027.0,7.343525409698486,0.47815731875719125,0.8782742046302703,0.006030412390828133,6.173528671264648,nan,nan,nan,0.6403788626194,-0.6150324940681458,0.14333602786064148,0,20155.12890625,0
SMP_0662,6396,6281,90.7448611111111,25.223194444444445,1,North-West_Meghalaya,226.0,11.39090347290039,0.3326897454961728,-0.9430363371799052,0.0024114572443068027,8.434782028198242,nan,nan,nan,0.6403788626194,-0.6150324940681458,0.14333602786064148,0,20970.6328125,0
SMP_0663,939,14381,92.9948611111111,26.73902777777778,2,North-East_Meghalaya,73.0,2.2710368633270264,0.9131026992637693,0.40772964154843894,0.0001734536053845659,7.352084159851074,nan,nan,nan,0.6403788626194,-0.6150324940681458,0.14333602786064148,0,17325.216796875,0
SMP_0664,2785,398,89.11069444444445,26.22625,1,North-West_Meghalaya,54.0,1.0605260133743286,-0.4868598907599701,0.8734800780608508,0.0011854289332404733,8.113965034484863,nan,nan,nan,0.6403788626194,-0.6150324940681458,0.14333602786064148,0,104343.4921875,0
SMP_0665,6174,14358,92.98847222222223,25.284861111111113,2,North-East_Meghalaya,316.0,15.467674255371094,0.7270362448416219,-0.6865990814781164,0.00025664843269623816,6.3256683349609375,0.9023594260215759,-0.8054717183113098,0.24452972412109375,0.9023594260215759,-0.8054717183113098,0.24452972412109375,1,11910.0048828125,0
SMP_0666,20648,10857,92.01597222222222,21.264305555555556,4,South-West_Mizoram,0.0,0.0,-0.01745240643728351,0.9998476951563913,0.0,10.475428581237793,nan,nan,nan,0.6403788626194,-0.6150324940681458,0.14333602786064148,0,171549.140625,0
SMP_0667,748,2358,89.65513888888889,26.792083333333334,1,North-West_Meghalaya,942.0,26.740745544433594,0.7460155668616771,0.6659285051715765,-0.004073325544595718,4.810116291046143,nan,nan,nan,0.6403788626194,-0.6150324940681458,0.14333602786064148,0,106208.2265625,0
SMP_0668,16917,10849,92.01375,22.300694444444446,4,South-West_Mizoram,15.0,0.7385201454162598,0.338953453135934,-0.9408031444501161,0.0010454235598444939,8.475895881652832,nan,nan,nan,0.6403788626194,-0.6150324940681458,0.14333602786064148,0,84619.734375,0
SMP_0669,8602,11099,92.08319444444444,24.610416666666666,3,Central_Transition,14.0,1.0189152956008911,1.0,6.123233995736766e-17,-0.0012646678369492292,8.154000282287598,0.8005709648132324,-0.6758817434310913,0.3652142286300659,0.8005709648132324,-0.6758817434310913,0.3652142286300659,1,33191.8046875,0
SMP_0670,2796,10398,91.88847222222222,26.223194444444445,2,North-East_Meghalaya,55.0,1.1317288875579834,-0.9124195634177504,0.40925608155843163,0.0031173513270914555,8.048968315124512,nan,nan,nan,0.6403788626194,-0.6150324940681458,0.14333602786064148,0,2757.47705078125,0
SMP_0671,21300,16751,93.65319444444444,21.083194444444445,5,South-East_Mizoram,1616.0,33.16023254394531,0.8222070974619302,0.5691884476016954,-0.005882327910512686,7.412398338317871,nan,nan,nan,0.6403788626194,-0.6150324940681458,0.14333602786064148,0,172946.625,0
SMP_0672,14393,16682,93.63402777777777,23.001805555555556,5,South-East_Mizoram,1136.0,32.027366638183594,0.9547940398988852,0.2972681304370952,-0.001987253548577428,4.999232769012451,nan,nan,nan,0.6403788626194,-0.6150324940681458,0.14333602786064148,0,62714.83984375,0
SMP_0673,5006,2272,89.63125,25.609305555555554,1,North-West_Meghalaya,25.0,1.0272728204727173,-1.0,-1.8369701987210297e-16,-0.001285493723116815,8.145830154418945,nan,nan,nan,0.6403788626194,-0.6150324940681458,0.14333602786064148,0,32807.484375,0
SMP_0674,579,11261,92.12819444444445,26.839027777777776,2,North-East_Meghalaya,156.0,3.078275680541992,0.9266827124698988,-0.37584458278579846,0.0017637370619922876,7.047512054443359,nan,nan,nan,0.6403788626194,-0.6150324940681458,0.14333602786064148,0,59363.1796875,0
SMP_0675,4227,2987,89.82986111111111,25.825694444444444,1,North-West_Meghalaya,24.0,3.258388042449951,-0.8677282335050027,0.49703894493116685,0.0026167691685259342,6.990533351898193,nan,nan,nan,0.6403788626194,-0.6150324940681458,0.14333602786064148,0,13963.9169921875,0
SMP_0676,2305,2058,89.57180555555556,26.359583333333333,1,North-West_Meghalaya,39.0,2.8247437477111816,0.1828702279257467,-0.9831370605049865,-0.0015170809347182512,7.1336164474487305,nan,nan,nan,0.6403788626194,-0.6150324940681458,0.14333602786064148,0,79727.875,0
SMP_0677,20789,12790,92.55291666666666,21.22513888888889,5,South-East_Mizoram,77.0,4.781932830810547,0.5702308745135002,-0.8214844793126458,-0.001281644101254642,7.011139392852783,0.7744277715682983,-0.7042867541313171,0.33170610666275024,0.7744277715682983,-0.7042867541313171,0.33170610666275024,1,146835.15625,0
SMP_0678,4940,8303,91.30652777777777,25.62763888888889,2,North-East_Meghalaya,1425.0,1.383261799812317,0.7426945235026872,-0.6696303792086471,-0.003101373789831996,11.511767387390137,0.3204444646835327,-0.49959084391593933,-0.19500142335891724,0.3204444646835327,-0.49959084391593933,-0.19500142335891724,1,12658.90234375,0
SMP_0679,318,14351,92.98652777777778,26.911527777777778,2,North-East_Meghalaya,116.0,2.0871353149414062,0.7463646171732792,-0.6655372703551503,-0.0023834218736737967,8.689373016357422,nan,nan,nan,0.6403788626194,-0.6150324940681458,0.14333602786064148,0,23418.673828125,0
SMP_0680,4486,12718,92.53291666666667,25.75375,2,North-East_Meghalaya,760.0,13.633536338806152,1.2246467991473532e-16,-1.0,0.0028796892147511244,5.946650505065918,0.844957709312439,-0.7778519988059998,0.28960585594177246,0.844957709312439,-0.7778519988059998,0.28960585594177246,1,24685.896484375,0
SMP_0681,20929,14864,93.12902777777778,21.18625,5,South-East_Mizoram,193.0,32.10292434692383,-0.8569046594976021,-0.5154749310405877,-0.00036985467886552215,4.996301651000977,nan,nan,nan,0.6403788626194,-0.6150324940681458,0.14333602786064148,0,144873.921875,0
SMP_0682,18478,15269,93.24152777777778,21.867083333333333,5,South-East_Mizoram,1501.0,22.000497817993164,0.6252845977847792,-0.7803968040510718,0.0008541519055142999,6.129480361938477,nan,nan,nan,0.6403788626194,-0.6150324940681458,0.14333602786064148,0,74574.9453125,0
SMP_0683,6469,14362,92.98958333333333,25.202916666666667,2,North-East_Meghalaya,589.0,9.241119384765625,0.24713727148927436,0.9689804791846102,-0.0009819642873480916,6.345922470092773,nan,nan,nan,0.6403788626194,-0.6150324940681458,0.14333602786064148,0,3318.78955078125,0
SMP_0684,2278,6956,90.9323611111111,26.367083333333333,1,North-West_Meghalaya,40.0,1.73164701461792,-0.5969537834728088,0.8022756262018054,-0.0011873316252604127,9.569376945495605,nan,nan,nan,0.6403788626194,-0.6150324940681458,0.14333602786064148,0,35535.6640625,0
SMP_0685,10820,15004,93.16791666666667,23.994305555555556,5,South-East_Mizoram,586.0,21.11802864074707,-0.8821404882211192,-0.4709863682114435,0.00567540992051363,7.966313362121582,nan,nan,nan,0.6403788626194,-0.6150324940681458,0.14333602786064148,0,21086.95703125,0
SMP_0686,2427,754,89.20958333333333,26.325694444444444,1,North-West_Meghalaya,51.0,2.8496289253234863,-0.9966968952028961,-0.08121144680959229,-0.0012961742468178272,7.5302958488464355,nan,nan,nan,0.6403788626194,-0.6150324940681458,0.14333602786064148,0,102119.96875,0
SMP_0687,6803,106,89.02958333333333,25.11013888888889,1,North-West_Meghalaya,25.0,2.099216938018799,-0.12179427304437526,-0.9925553662408925,-0.0,7.836297988891602,nan,nan,nan,0.6403788626194,-0.6150324940681458,0.14333602786064148,0,118708.9296875,0
SMP_0688,14855,15339,93.26097222222222,22.873472222222222,5,South-East_Mizoram,1042.0,28.696800231933594,0.6492036884758043,0.7606146007469293,-0.0025125478859990835,5.1326375007629395,nan,nan,nan,0.6403788626194,-0.6150324940681458,0.14333602786064148,0,49754.96875,0
SMP_0689,8953,12646,92.51291666666667,24.512916666666666,3,Central_Transition,113.0,9.938081741333008,-0.9382079266231433,-0.34607208269593565,-0.0035890433937311172,6.559518337249756,nan,nan,nan,0.6403788626194,-0.6150324940681458,0.14333602786064148,0,1978.9705810546875,0
SMP_0690,558,12643,92.51208333333334,26.84486111111111,2,North-East_Meghalaya,110.0,2.862473964691162,0.9967265667633086,0.08084646626926677,-0.0009768025483936071,8.91208553314209,nan,nan,nan,0.6403788626194,-0.6150324940681458,0.14333602786064148,0,32885.7734375,0
SMP_0691,10742,15198,93.22180555555556,24.01597222222222,3,Central_Transition,1217.0,39.01668167114258,0.808350097953382,-0.5887020631344497,-0.0009904999751597643,4.740475177764893,nan,nan,nan,0.6403788626194,-0.6150324940681458,0.14333602786064148,0,22771.37890625,0
SMP_0692,6924,6896,90.91569444444444,25.076527777777777,1,North-West_Meghalaya,8.0,0.0,-0.01745240643728351,0.9998476951563913,0.0,10.475428581237793,nan,nan,nan,0.6403788626194,-0.6150324940681458,0.14333602786064148,0,42250.72265625,0
SMP_0693,16504,12600,92.50013888888888,22.415416666666665,5,South-East_Mizoram,379.0,26.009620666503906,0.6273250289415451,-0.7787575412562562,0.003263056045398116,5.247644901275635,0.4825710356235504,-0.5562265515327454,-0.027699757367372513,0.4825710356235504,-0.5562265515327454,-0.027699757367372513,1,46238.75390625,0
SMP_0694,482,2688,89.74680555555555,26.865972222222222,1,North-West_Meghalaya,1837.0,39.1767692565918,0.6895399661008516,0.7242476338585003,0.0042815785855054855,6.814208030700684,nan,nan,nan,0.6403788626194,-0.6150324940681458,0.14333602786064148,0,99875.6796875,0
SMP_0695,2718,546,89.15180555555555,26.24486111111111,1,North-West_Meghalaya,51.0,1.796286940574646,-0.43113932746382466,-0.9022853652332177,-0.001157731981948018,7.992260456085205,nan,nan,nan,0.6403788626194,-0.6150324940681458,0.14333602786064148,0,101677.6015625,0
SMP_0696,326,6614,90.83736111111111,26.909305555555555,1,North-West_Meghalaya,1462.0,13.854328155517578,0.018380903693858676,0.9998310569188162,0.012036842294037342,5.524487018585205,nan,nan,nan,0.6403788626194,-0.6150324940681458,0.14333602786064148,0,56945.87109375,0
SMP_0697,12725,12776,92.54902777777778,23.465138888888887,5,South-East_Mizoram,200.0,23.085195541381836,0.41356554105436877,0.9104743506834265,-0.004030069801956415,6.76915168762207,nan,nan,nan,0.6403788626194,-0.6150324940681458,0.14333602786064148,0,29154.283203125,0
SMP_0698,407,439,89.12208333333334,26.886805555555554,1,North-West_Meghalaya,625.0,17.449970245361328,-0.8795414414641364,-0.4758222911415449,-0.005041918251663446,7.227810859680176,nan,nan,nan,0.6403788626194,-0.6150324940681458,0.14333602786064148,0,155785.453125,0
SMP_0699,16457,14689,93.08041666666666,22.428472222222222,5,South-East_Mizoram,1273.0,24.249692916870117,-0.9999597310583703,0.008974199778899686,-0.005539259407669306,6.174865245819092,0.9282477498054504,-0.8840609192848206,0.30271804332733154,0.9282477498054504,-0.8840609192848206,0.30271804332733154,1,13799.0751953125,0
SMP_0700,6241,3006,89.83513888888889,25.26625,1,North-West_Meghalaya,25.0,2.4157464504241943,-0.7416939593586539,0.6707384517461955,0.0016459620092064142,7.290243625640869,nan,nan,nan,0.6403788626194,-0.6150324940681458,0.14333602786064148,0,38471.890625,0
SMP_0701,3034,2550,89.70847222222223,26.157083333333333,1,North-West_Meghalaya,30.0,0.693448543548584,-0.7441860389077117,0.667972409231736,0.0006058142171241343,8.538873672485352,nan,nan,nan,0.6403788626194,-0.6150324940681458,0.14333602786064148,0,52825.76171875,0
SMP_0702,8691,11149,92.09708333333333,24.585694444444446,3,Central_Transition,15.0,2.6579596996307373,-0.28727603505694477,-0.9578478374365946,-0.0016227411106228828,7.8877153396606445,0.24242143332958221,-0.2115330994129181,0.20377866923809052,0.24242143332958221,-0.2115330994129181,0.20377866923809052,1,31671.13671875,0
SMP_0703,20524,12830,92.56402777777778,21.29875,5,South-East_Mizoram,179.0,23.461509704589844,-0.8097433317995416,0.5867842334335318,-0.001611800747923553,5.364761829376221,0.7950126528739929,-0.7516024112701416,0.14724859595298767,0.7950126528739929,-0.7516024112701416,0.14724859595298767,1,138682.46875,0
SMP_0704,10651,10821,92.00597222222223,24.041249999999998,3,Central_Transition,69.0,5.7307844161987305,0.9703547775404558,-0.24168493065231117,-0.0008229492232203484,6.82911491394043,nan,nan,nan,0.6403788626194,-0.6150324940681458,0.14333602786064148,0,23206.689453125,0
SMP_0705,16757,10811,92.00319444444445,22.34513888888889,4,South-West_Mizoram,7.0,0.7385472059249878,-0.33904891133441917,-0.9407687472078062,0.0010454235598444939,8.475859642028809,nan,nan,nan,0.6403788626194,-0.6150324940681458,0.14333602786064148,0,80855.015625,0
SMP_0706,13032,11143,92.09541666666667,23.37986111111111,4,South-West_Mizoram,118.0,14.404772758483887,0.9259158795699162,-0.3777297763749484,0.0018548332154750824,5.4838995933532715,0.7840567231178284,-0.7020882368087769,0.183950737118721,0.7840567231178284,-0.7020882368087769,0.183950737118721,1,58330.03515625,0
SMP_0707,5040,8726,91.42402777777778,25.59986111111111,2,North-East_Meghalaya,1537.0,21.816213607788086,-0.8510276946306747,-0.5251208079781252,0.0083474675193429,5.040159225463867,0.6257940530776978,-0.6647118330001831,0.0697140172123909,0.6257940530776978,-0.6647118330001831,0.0697140172123909,1,19313.185546875,0
SMP_0708,201,11113,92.08708333333334,26.944027777777777,2,North-East_Meghalaya,354.0,20.199119567871094,0.35743765634049723,-0.9339370009962196,-0.005635628942400217,7.321756839752197,nan,nan,nan,0.6403788626194,-0.6150324940681458,0.14333602786064148,0,64534.72265625,0
SMP_0709,20783,16959,93.71097222222222,21.226805555555558,5,South-East_Mizoram,1740.0,24.71468162536621,-0.12248838293057274,-0.9924699471757588,-0.0014480415266007185,6.286877632141113,nan,nan,nan,0.6403788626194,-0.6150324940681458,0.14333602786064148,0,161957.0,0
SMP_0710,7102,12614,92.50402777777778,25.027083333333334,2,North-East_Meghalaya,284.0,25.905996322631836,-0.3398540286142071,-0.9404781971075639,0.0031672941986471415,4.846775054931641,0.8603857159614563,-0.7860743999481201,0.3193390965461731,0.8603857159614563,-0.7860743999481201,0.3193390965461731,1,5092.6923828125,0
SMP_0711,18949,17135,93.7598611111111,21.73625,5,South-East_Mizoram,863.0,20.182220458984375,-0.7103582204185045,0.7038403218655886,0.00027479237178340554,6.997244834899902,nan,nan,nan,0.6403788626194,-0.6150324940681458,0.14333602786064148,0,120799.7109375,0
SMP_0712,4958,693,89.1926388888889,25.62263888888889,1,North-West_Meghalaya,33.0,1.0375105142593384,0.7426806133405996,-0.669645806802395,-0.0005285324878059328,8.135910987854004,nan,nan,nan,0.6403788626194,-0.6150324940681458,0.14333602786064148,0,79806.1484375,0
SMP_0713,21426,13184,92.66236111111111,21.048194444444444,5,South-East_Mizoram,57.0,2.1898322105407715,0.9061927836244391,-0.4228647997965668,0.0023971155751496553,7.388532638549805,0.8639818429946899,-0.7716628909111023,0.23211970925331116,0.8639818429946899,-0.7716628909111023,0.23211970925331116,1,162669.5625,0
SMP_0714,10954,15065,93.1848611111111,23.957083333333333,5,South-East_Mizoram,527.0,21.210527420043945,-0.6952946913723383,-0.7187247680088984,-0.0003314668429084122,5.476611614227295,nan,nan,nan,0.6403788626194,-0.6150324940681458,0.14333602786064148,0,19398.357421875,0
SMP_0715,10790,17024,93.72902777777777,24.00263888888889,3,Central_Transition,926.0,13.880000114440918,0.7700310165578613,-0.6380064525840367,0.0014455191558226943,9.160147666931152,nan,nan,nan,0.6403788626194,-0.6150324940681458,0.14333602786064148,0,28077.162109375,0
SMP_0716,19367,16889,93.69152777777778,21.62013888888889,5,South-East_Mizoram,1908.0,40.62289047241211,-0.4258127379129428,0.9048113130543205,-0.0016003575874492526,5.982753753662109,nan,nan,nan,0.6403788626194,-0.6150324940681458,0.14333602786064148,0,124940.328125,0
SMP_0717,6826,2583,89.71763888888889,25.10375,1,North-West_Meghalaya,21.0,2.820749521255493,0.9966286896898624,0.08204422519024675,0.001269932254217565,7.540498733520508,nan,nan,nan,0.6403788626194,-0.6150324940681458,0.14333602786064148,0,60487.171875,0
SMP_0718,236,2349,89.65263888888889,26.934305555555557,1,North-West_Meghalaya,2637.0,27.178354263305664,-0.6976447026607606,0.716443904886753,-0.00377120659686625,6.400652885437012,nan,nan,nan,0.6403788626194,-0.6150324940681458,0.14333602786064148,0,112620.015625,0
SMP_0719,610,14361,92.98930555555556,26.830416666666668,2,North-East_Meghalaya,83.0,1.738820195198059,-0.7461274182643178,-0.6658031809132663,0.0014845862751826644,7.619330883026123,nan,nan,nan,0.6403788626194,-0.6150324940681458,0.14333602786064148,0,27381.380859375,0
SMP_0720,13255,11154,92.09847222222223,23.317916666666665,4,South-West_Mizoram,179.0,1.0547574758529663,-0.47818681894444287,0.8782581432516265,-0.006197848357260227,10.198862075805664,0.6862151622772217,-0.6274224519729614,0.07570476830005646,0.6862151622772217,-0.6274224519729614,0.07570476830005646,1,54219.73828125,0
SMP_0721,7067,6185,90.71819444444445,25.036805555555556,1,North-West_Meghalaya,12.0,1.601811408996582,-0.957294616046119,-0.28911419558560875,-0.0,8.106914520263672,nan,nan,nan,0.6403788626194,-0.6150324940681458,0.14333602786064148,0,25709.923828125,0
SMP_0722,20587,11053,92.07041666666666,21.28125,4,South-West_Mizoram,9.0,2.7771854400634766,-0.0,1.0,0.0014141519786790013,7.150623321533203,0.6146910786628723,-0.5614100694656372,0.11833485215902328,0.6146910786628723,-0.5614100694656372,0.11833485215902328,1,166372.5,0
SMP_0723,20682,11258,92.12736111111111,21.25486111111111,4,South-West_Mizoram,12.0,4.172292232513428,-0.8324225621811329,-0.5541413880696856,-0.002757031936198473,7.658900260925293,0.5701290965080261,-0.5427013635635376,0.07294969260692596,0.5701290965080261,-0.5427013635635376,0.07294969260692596,1,165068.125,0
SMP_0724,18565,12661,92.51708333333333,21.842916666666667,5,South-East_Mizoram,383.0,22.278778076171875,-0.9992208593755812,-0.039467381325911405,0.0001261360157513991,5.9332451820373535,0.7640182375907898,-0.7120223641395569,0.23850388824939728,0.7640182375907898,-0.7120223641395569,0.23850388824939728,1,86642.0546875,0
SMP_0725,4535,8262,91.29513888888889,25.74013888888889,2,North-East_Meghalaya,846.0,15.349428176879883,-0.9972853997360771,-0.07363308681056908,-0.00580236641690135,6.803729057312012,0.6820672750473022,-0.6466671824455261,0.1384124755859375,0.6820672750473022,-0.6466671824455261,0.1384124755859375,1,19095.095703125,0
SMP_0726,19163,16675,93.63208333333333,21.676805555555553,5,South-East_Mizoram,1731.0,28.652271270751953,0.34233435098667647,0.9395781990523892,0.007635834626853466,4.729018211364746,nan,nan,nan,0.6403788626194,-0.6150324940681458,0.14333602786064148,0,115866.3359375,0
SMP_0727,13008,13197,92.66597222222222,23.38652777777778,5,South-East_Mizoram,313.0,10.061158180236816,0.9680860319071322,-0.2506181055436798,0.002133494708687067,5.853809356689453,nan,nan,nan,0.6403788626194,-0.6150324940681458,0.14333602786064148,0,13949.2890625,0
SMP_0728,2708,5076,90.4101388888889,26.24763888888889,1,North-West_Meghalaya,38.0,0.5164675712585449,-1.0,-1.8369701987210297e-16,0.0012994890566915274,8.8335599899292,nan,nan,nan,0.6403788626194,-0.6150324940681458,0.14333602786064148,0,30633.06640625,0
SMP_0729,2543,2580,89.71680555555555,26.29347222222222,1,North-West_Meghalaya,39.0,1.3875949382781982,-0.7445754953848704,0.6675382623283663,0.00017458139336667955,7.845077037811279,nan,nan,nan,0.6403788626194,-0.6150324940681458,0.14333602786064148,0,66654.3515625,0
SMP_0730,18629,12963,92.60097222222223,21.825138888888887,5,South-East_Mizoram,765.0,23.440296173095703,-0.3615612049123798,0.9323483764678888,0.006056755315512419,5.876601696014404,0.8715904951095581,-0.7812361121177673,0.231512650847435,0.8715904951095581,-0.7812361121177673,0.231512650847435,1,83330.1015625,0
SMP_0731,10815,14499,93.02763888888889,23.995694444444446,5,South-East_Mizoram,800.0,26.37429428100586,-0.9994681367328321,0.03261048383267188,0.0009087364305742085,6.078872203826904,nan,nan,nan,0.6403788626194,-0.6150324940681458,0.14333602786064148,0,17011.470703125,0
SMP_0732,84,6627,90.84097222222222,26.97652777777778,1,North-West_Meghalaya,1016.0,39.058868408203125,0.9837882680072118,0.17933388896516583,-0.003228980116546154,4.7389702796936035,nan,nan,nan,0.6403788626194,-0.6150324940681458,0.14333602786064148,0,63539.19921875,0
SMP_0733,237,10893,92.02597222222222,26.93402777777778,2,North-East_Meghalaya,1408.0,47.26398849487305,0.48596753233035145,-0.8739768632639818,-0.003248273627832532,5.549584865570068,nan,nan,nan,0.6403788626194,-0.6150324940681458,0.14333602786064148,0,59564.08203125,0
SMP_0734,2766,6523,90.81208333333333,26.231527777777778,1,North-West_Meghalaya,38.0,3.0192291736602783,0.08544096317040904,-0.9963432349409077,-0.0031264587305486202,8.165529251098633,nan,nan,nan,0.6403788626194,-0.6150324940681458,0.14333602786064148,0,39534.19140625,0
SMP_0735,8266,10851,92.01430555555555,24.70375,3,Central_Transition,10.0,2.5587706565856934,0.09956998546543389,0.9950305613368935,-0.0010421528713777661,7.638117790222168,0.5900804996490479,-0.5193617343902588,0.1882392317056656,0.5900804996490479,-0.5193617343902588,0.1882392317056656,1,42263.59375,0
SMP_0736,7136,9182,91.55069444444445,25.01763888888889,2,North-East_Meghalaya,13.0,3.019007682800293,-0.08458334546277796,-0.9964164077685215,-0.0010421528713777661,7.4724555015563965,0.21879129111766815,-0.33670559525489807,-0.17336276173591614,0.21879129111766815,-0.33670559525489807,-0.17336276173591614,1,34588.44140625,0
SMP_0737,20880,11166,92.10180555555556,21.19986111111111,4,South-West_Mizoram,32.0,2.3674793243408203,0.2097460006026472,-0.9777559077966209,-0.0010421528713777661,7.310449600219727,0.38757163286209106,-0.4614136517047882,-0.12957997620105743,0.38757163286209106,-0.4614136517047882,-0.12957997620105743,1,171722.421875,0
SMP_0738,5078,2528,89.70236111111112,25.589305555555555,1,North-West_Meghalaya,23.0,3.8531792163848877,-0.9981972195276905,-0.060019254637055215,-0.0,7.227901935577393,nan,nan,nan,0.6403788626194,-0.6150324940681458,0.14333602786064148,0,26873.634765625,0
SMP_0739,2697,13235,92.67652777777778,26.250694444444445,2,North-East_Meghalaya,69.0,3.130282402038574,0.9890120053504097,0.14783522338320185,-8.971661736723036e-05,8.283489227294922,nan,nan,nan,0.6403788626194,-0.6150324940681458,0.14333602786064148,0,51895.484375,0
SMP_0740,6928,14342,92.98402777777778,25.075416666666666,2,North-East_Meghalaya,569.0,20.304399490356445,-0.9046785902071154,0.4260946472567641,0.007078135851770639,5.1188740730285645,nan,nan,nan,0.6403788626194,-0.6150324940681458,0.14333602786064148,0,9424.53515625,0
SMP_0741,4626,6649,90.84708333333333,25.714861111111112,1,North-West_Meghalaya,511.0,26.920072555541992,-0.9366414078950211,0.35028969870156423,-0.0019736378453671932,6.411783218383789,nan,nan,nan,0.6403788626194,-0.6150324940681458,0.14333602786064148,0,32081.23046875,0
SMP_0742,14736,12668,92.51902777777778,22.90652777777778,5,South-East_Mizoram,80.0,8.006940841674805,0.9983468839791995,-0.0574760754490332,-0.0009891287190839648,6.491461277008057,nan,nan,nan,0.6403788626194,-0.6150324940681458,0.14333602786064148,0,5223.2763671875,0
SMP_0743,4988,757,89.21041666666666,25.614305555555557,1,North-West_Meghalaya,33.0,3.215122699737549,-0.9576747598624471,0.2878524870874043,-0.0009421147988177836,7.0039286613464355,nan,nan,nan,0.6403788626194,-0.6150324940681458,0.14333602786064148,0,77988.78125,0
SMP_0744,10431,17125,93.75708333333333,24.10236111111111,3,Central_Transition,1106.0,30.1605224609375,-0.426777322819441,0.9043567419592065,0.0011099032126367092,6.459223747253418,nan,nan,nan,0.6403788626194,-0.6150324940681458,0.14333602786064148,0,27247.2578125,0
SMP_0745,2361,14343,92.98430555555555,26.34402777777778,2,North-East_Meghalaya,514.0,8.236005783081055,0.6232946558815398,-0.781987066356927,-0.001402778085321188,6.97369909286499,nan,nan,nan,0.6403788626194,-0.6150324940681458,0.14333602786064148,0,26712.669921875,0
SMP_0746,19195,17015,93.72652777777778,21.667916666666667,5,South-East_Mizoram,1660.0,22.099336624145508,0.8784310255539121,0.4778691592311669,-0.0038472437299788,6.2786736488342285,nan,nan,nan,0.6403788626194,-0.6150324940681458,0.14333602786064148,0,123554.4609375,0
SMP_0747,8799,14980,93.16125,24.555694444444445,3,Central_Transition,378.0,26.808469772338867,0.008795242417595795,-0.9999613211073795,0.000637445249594748,5.212642192840576,nan,nan,nan,0.6403788626194,-0.6150324940681458,0.14333602786064148,0,25758.93359375,0
SMP_0748,367,4413,90.22597222222223,26.897916666666667,1,North-West_Meghalaya,927.0,23.654699325561523,0.7554225119448302,-0.6552379937449925,0.009695466607809067,4.9500932693481445,nan,nan,nan,0.6403788626194,-0.6150324940681458,0.14333602786064148,0,59333.28125,0
SMP_0749,6663,8304,91.30680555555556,25.14902777777778,2,North-East_Meghalaya,15.0,1.389408826828003,1.2246467991473532e-16,-1.0,-0.0010454235598444939,7.8437700271606445,0.5969716310501099,-0.5638680458068848,0.14689995348453522,0.5969716310501099,-0.5638680458068848,0.14689995348453522,1,38305.20703125,0
SMP_0750,17091,13149,92.65263888888889,22.25236111111111,5,South-East_Mizoram,117.0,4.410822868347168,0.6794832564073635,0.733691014161987,-0.0035599125549197197,9.289494514465332,0.7667835354804993,-0.68712317943573,0.2167079746723175,0.7667835354804993,-0.68712317943573,0.2167079746723175,1,41518.92578125,0
SMP_0751,21318,14410,93.00291666666666,21.078194444444446,5,South-East_Mizoram,44.0,8.684479713439941,-0.9643438088030375,0.264652637287541,0.00252511422149837,6.003607749938965,0.8520625829696655,-0.7553389072418213,0.23500092327594757,0.8520625829696655,-0.7553389072418213,0.23500092327594757,1,155816.609375,0
SMP_0752,19346,14945,93.15152777777777,21.625972222222224,5,South-East_Mizoram,810.0,26.447105407714844,0.6731323052866003,-0.7395220751130741,-0.0006367407040670514,5.73921012878418,nan,nan,nan,0.6403788626194,-0.6150324940681458,0.14333602786064148,0,97047.40625,0
SMP_0753,12687,12824,92.56236111111112,23.475694444444443,5,South-East_Mizoram,410.0,1.6403928995132446,-0.153893535991807,0.9880874351897905,0.0002987163607031107,9.874859809875488,nan,nan,nan,0.6403788626194,-0.6150324940681458,0.14333602786064148,0,27827.083984375,0
SMP_0754,10421,15187,93.21875,24.105138888888888,3,Central_Transition,1033.0,37.91156768798828,-0.9951251321954626,-0.09862033904303465,0.0029059050139039755,5.290905475616455,nan,nan,nan,0.6403788626194,-0.6150324940681458,0.14333602786064148,0,12881.716796875,0
SMP_0755,14892,17326,93.81291666666667,22.863194444444446,5,South-East_Mizoram,390.0,29.95290184020996,0.9744788037024784,-0.22447953388802858,0.0005843589315190911,5.3689703941345215,nan,nan,nan,0.6403788626194,-0.6150324940681458,0.14333602786064148,0,86854.0390625,0
SMP_0756,2937,2354,89.65402777777778,26.18402777777778,1,North-West_Meghalaya,35.0,0.8081441521644592,-0.9580562173244475,-0.28658032808615996,0.0012980697210878134,8.385793685913086,nan,nan,nan,0.6403788626194,-0.6150324940681458,0.14333602786064148,0,58198.625,0
SMP_0757,5093,2275,89.63208333333333,25.58513888888889,1,North-West_Meghalaya,28.0,1.1860277652740479,0.21648495178953178,0.9762859548557913,0.0010454235598444939,8.002092361450195,nan,nan,nan,0.6403788626194,-0.6150324940681458,0.14333602786064148,0,33857.78515625,0
SMP_0758,3059,14336,92.98236111111112,26.15013888888889,2,North-East_Meghalaya,80.0,1.803587794303894,-0.8580876624619569,0.5135032264071715,0.0033239726908504963,7.582736492156982,0.2184532880783081,-0.3702635169029236,-0.19391730427742004,0.2184532880783081,-0.3702635169029236,-0.19391730427742004,1,48243.16015625,0
SMP_0759,2136,13287,92.69097222222223,26.40652777777778,2,North-East_Meghalaya,63.0,3.396122932434082,0.9126611473445506,-0.40871705387435026,-0.0008559368434362113,7.354503154754639,nan,nan,nan,0.6403788626194,-0.6150324940681458,0.14333602786064148,0,39958.984375,0
SMP_0760,218,3017,89.83819444444444,26.939305555555556,1,North-West_Meghalaya,2340.0,40.19029998779297,0.09661793089492691,-0.9953215437382952,-0.0014249506639316678,4.986449241638184,nan,nan,nan,0.6403788626194,-0.6150324940681458,0.14333602786064148,0,94929.1484375,0
SMP_0761,14742,14756,93.09902777777778,22.90486111111111,5,South-East_Mizoram,893.0,31.96894073486328,-0.9070572898691025,0.42100721240296923,0.0011645115446299314,5.848800182342529,nan,nan,nan,0.6403788626194,-0.6150324940681458,0.14333602786064148,0,35400.96875,0
SMP_0762,214,12601,92.50041666666667,26.940416666666668,2,North-East_Meghalaya,167.0,6.632138252258301,0.7799817393356433,0.6258022741273354,0.0011703348718583584,6.6819024085998535,nan,nan,nan,0.6403788626194,-0.6150324940681458,0.14333602786064148,0,31493.921875,0
SMP_0763,21498,17348,93.81902777777778,21.028194444444445,5,South-East_Mizoram,547.0,12.696983337402344,0.9803306074237014,-0.19736235747547395,0.0035223807208240032,5.614920616149902,nan,nan,nan,0.6403788626194,-0.6150324940681458,0.14333602786064148,0,187082.953125,0
SMP_0764,645,8752,91.43125,26.820694444444445,2,North-East_Meghalaya,360.0,17.42336082458496,0.9959266789429538,-0.09016679083597592,0.003111286088824272,6.536288261413574,nan,nan,nan,0.6403788626194,-0.6150324940681458,0.14333602786064148,0,48618.3359375,0
SMP_0765,2057,5008,90.39125,26.428472222222222,1,North-West_Meghalaya,53.0,1.7968170642852783,0.43169624474807744,-0.9020190420774985,-0.0010454235598444939,7.58650016784668,nan,nan,nan,0.6403788626194,-0.6150324940681458,0.14333602786064148,0,19402.5625,0
SMP_0766,2976,6592,90.83125,26.173194444444444,1,North-West_Meghalaya,33.0,6.559774398803711,-0.7442319332387646,0.6679212749626194,-0.0029233095701783895,6.6929707527160645,nan,nan,nan,0.6403788626194,-0.6150324940681458,0.14333602786064148,0,45701.8203125,0
SMP_0767,18679,16425,93.56263888888888,21.81125,5,South-East_Mizoram,2170.0,22.238567352294922,0.6921819909664039,0.7217230018378139,0.0025538199115544558,5.424421787261963,nan,nan,nan,0.6403788626194,-0.6150324940681458,0.14333602786064148,0,99493.9609375,0
SMP_0768,11061,14644,93.06791666666666,23.92736111111111,5,South-East_Mizoram,204.0,5.116420269012451,-0.6915042063810352,0.7223724334146028,0.0010536342160776258,6.537726402282715,nan,nan,nan,0.6403788626194,-0.6150324940681458,0.14333602786064148,0,9383.142578125,0
SMP_0769,7073,6766,90.87958333333333,25.035138888888888,1,North-West_Meghalaya,8.0,2.443697690963745,0.5227235746810975,-0.8525022372244047,0.0004008124815300107,7.278725624084473,nan,nan,nan,0.6403788626194,-0.6150324940681458,0.14333602786064148,0,40395.55859375,0
SMP_0770,11044,16752,93.65347222222222,23.932083333333335,5,South-East_Mizoram,1164.0,22.761154174804688,0.9908609407271547,0.13488734611259154,-0.000994824804365635,6.091769695281982,nan,nan,nan,0.6403788626194,-0.6150324940681458,0.14333602786064148,0,37345.04296875,0
SMP_0771,4709,2234,89.62069444444444,25.691805555555554,1,North-West_Meghalaya,30.0,1.0378425121307373,-0.74287372192283,-0.6694315747531796,-0.0014667108189314604,9.051881790161133,nan,nan,nan,0.6403788626194,-0.6150324940681458,0.14333602786064148,0,31612.779296875,0
SMP_0772,2111,6468,90.79680555555555,26.41347222222222,1,North-West_Meghalaya,42.0,1.731894850730896,-0.597108034179158,0.8021608289605654,-0.0008376190671697259,7.623323917388916,nan,nan,nan,0.6403788626194,-0.6150324940681458,0.14333602786064148,0,27578.23046875,0
SMP_0773,428,5040,90.40013888888889,26.880972222222223,1,North-West_Meghalaya,317.0,4.240600109100342,0.48898298359815784,-0.8722933232298891,0.00042788602877408266,7.131776809692383,nan,nan,nan,0.6403788626194,-0.6150324940681458,0.14333602786064148,0,47899.26171875,0
SMP_0774,7092,8527,91.36875,25.02986111111111,2,North-East_Meghalaya,12.0,2.812211513519287,0.8174099598979093,-0.5760563839240898,-0.0002861639950424433,7.138070106506348,0.69482421875,-0.6036112308502197,0.2867613434791565,0.69482421875,-0.6036112308502197,0.2867613434791565,1,48461.9453125,0
SMP_0775,18472,17194,93.77625,21.86875,5,South-East_Mizoram,1229.0,28.87242317199707,-0.7030676740257558,0.7111229469930032,-0.00024384220887441188,5.413056373596191,nan,nan,nan,0.6403788626194,-0.6150324940681458,0.14333602786064148,0,112696.5390625,0
SMP_0776,485,9027,91.50763888888889,26.86513888888889,2,North-East_Meghalaya,1116.0,20.63922882080078,-0.9985591599772717,-0.05366194205845888,0.006167207378894091,5.506503582000732,nan,nan,nan,0.6403788626194,-0.6150324940681458,0.14333602786064148,0,47666.98046875,0
SMP_0777,4950,2545,89.70708333333333,25.624861111111112,1,North-West_Meghalaya,17.0,0.0,-0.01745240643728351,0.9998476951563913,0.0,10.475428581237793,nan,nan,nan,0.6403788626194,-0.6150324940681458,0.14333602786064148,0,24422.072265625,0
SMP_0778,19272,12384,92.4401388888889,21.646527777777777,4,South-West_Mizoram,214.0,16.88913917541504,-0.9167650311979405,0.39942693646352795,-0.0013047819957137108,9.017910957336426,0.763428270816803,-0.7187986969947815,0.17107482254505157,0.763428270816803,-0.7187986969947815,0.17107482254505157,1,109555.390625,0
SMP_0779,481,12448,92.45791666666666,26.86625,2,North-East_Meghalaya,137.0,0.7417236566543579,0.3500274895272652,0.9367394283231811,-0.0010454235598444939,10.41747760772705,nan,nan,nan,0.6403788626194,-0.6150324940681458,0.14333602786064148,0,37717.796875,0
SMP_0780,552,4562,90.26736111111111,26.846527777777776,1,North-West_Meghalaya,270.0,1.8312277793884277,0.9919746564126707,-0.12643686580647268,-0.0026223764289170504,7.972982406616211,nan,nan,nan,0.6403788626194,-0.6150324940681458,0.14333602786064148,0,51996.3984375,0
SMP_0781,2085,3017,89.83819444444444,26.420694444444443,1,North-West_Meghalaya,43.0,4.135198593139648,0.6867764183076681,-0.7268687304159472,-0.001467638649046421,7.157036304473877,nan,nan,nan,0.6403788626194,-0.6150324940681458,0.14333602786064148,0,77833.046875,0
SMP_0782,6549,13284,92.6901388888889,25.180694444444445,2,North-East_Meghalaya,1545.0,6.912667274475098,-0.7737296791188206,0.6335158906062948,0.0007856545853428543,6.927767753601074,nan,nan,nan,0.6403788626194,-0.6150324940681458,0.14333602786064148,0,18067.076171875,0
SMP_0783,4666,8478,91.35513888888889,25.70375,2,North-East_Meghalaya,1038.0,15.698575973510742,0.957734189077238,0.2876546941604907,-0.00747304130345583,6.086950302124023,0.8145622611045837,-0.7609348297119141,0.2490987330675125,0.8145622611045837,-0.7609348297119141,0.2490987330675125,1,22539.263671875,0
SMP_0784,4899,6267,90.74097222222223,25.639027777777777,1,North-West_Meghalaya,397.0,3.6989247798919678,-0.34679357561216356,-0.9379414778727565,0.004654326941817999,6.863411903381348,nan,nan,nan,0.6403788626194,-0.6150324940681458,0.14333602786064148,0,26745.970703125,0
SMP_0785,4693,10695,91.97097222222222,25.69625,2,North-East_Meghalaya,902.0,5.617855072021484,0.9577292094736156,-0.28767127302016665,-0.0004706920590251684,6.849147796630859,0.4736666679382324,-0.5417818427085876,-0.13917049765586853,0.4736666679382324,-0.5417818427085876,-0.13917049765586853,1,5639.5703125,0
SMP_0786,224,5005,90.39041666666667,26.937638888888888,1,North-West_Meghalaya,509.0,40.11027526855469,0.8720170440633684,-0.4894755099726496,0.0020198270212858915,4.296135902404785,nan,nan,nan,0.6403788626194,-0.6150324940681458,0.14333602786064148,0,54174.05078125,0
SMP_0787,10630,11118,92.08847222222222,24.047083333333333,3,Central_Transition,154.0,14.897232055664062,-0.5491078886561169,-0.8357514741929095,0.002737328177317977,5.8542375564575195,nan,nan,nan,0.6403788626194,-0.6150324940681458,0.14333602786064148,0,29585.291015625,0
SMP_0788,12441,17197,93.77708333333334,23.544027777777778,5,South-East_Mizoram,2178.0,36.02173614501953,-0.6852675596454659,-0.7282914057556548,0.000740240269806236,4.848743438720703,nan,nan,nan,0.6403788626194,-0.6150324940681458,0.14333602786064148,0,44357.203125,0
SMP_0789,12379,10895,92.02652777777777,23.56125,4,South-West_Mizoram,125.0,11.693720817565918,0.5113731324605998,0.8593587838600556,-0.0004568974254652858,5.699771404266357,0.7267429828643799,-0.675202488899231,0.12887883186340332,0.7267429828643799,-0.675202488899231,0.12887883186340332,1,36769.62109375,0
SMP_0790,6598,2675,89.74319444444444,25.167083333333334,1,North-West_Meghalaya,21.0,4.494302272796631,-0.5682339706589076,-0.8228670333591034,0.0011044202838093042,6.667980194091797,nan,nan,nan,0.6403788626194,-0.6150324940681458,0.14333602786064148,0,53475.62109375,0
SMP_0791,4549,12537,92.48263888888889,25.73625,2,North-East_Meghalaya,874.0,18.776784896850586,-0.4751897308400778,0.8798833557376423,0.006688293069601059,5.203498840332031,0.7089030742645264,-0.6753218173980713,0.22747205197811127,0.7089030742645264,-0.6753218173980713,0.22747205197811127,1,28388.453125,0
SMP_0792,4691,4605,90.27930555555555,25.696805555555557,1,North-West_Meghalaya,332.0,9.643916130065918,-0.9768109481468547,0.2141036468172434,-0.008266082033514977,5.897010803222656,nan,nan,nan,0.6403788626194,-0.6150324940681458,0.14333602786064148,0,12526.8515625,0
SMP_0793,8223,14420,93.00569444444444,24.715694444444445,3,Central_Transition,71.0,6.367331504821777,-0.9570861712958336,0.28980348637358083,0.0005487393354997039,6.317535400390625,nan,nan,nan,0.6403788626194,-0.6150324940681458,0.14333602786064148,0,9189.537109375,0
SMP_0794,21020,17162,93.76736111111111,21.16097222222222,5,South-East_Mizoram,1154.0,47.548858642578125,0.8168389389580972,-0.576865797046254,-0.004256542306393385,5.827287673950195,nan,nan,nan,0.6403788626194,-0.6150324940681458,0.14333602786064148,0,171460.921875,0
SMP_0795,18615,12857,92.57152777777777,21.829027777777778,5,South-East_Mizoram,343.0,20.751195907592773,-0.8390043065547493,0.5441247775856051,0.0025790741201490164,5.095127105712891,0.7138849496841431,-0.6626265645027161,0.23788022994995117,0.7138849496841431,-0.6626265645027161,0.23788022994995117,1,84607.9375,0
SMP_0796,2300,14353,92.98708333333333,26.360972222222223,2,North-East_Meghalaya,444.0,11.162599563598633,-0.9373980125934266,0.34825991154006525,-0.001753285643644631,5.7475104331970215,nan,nan,nan,0.6403788626194,-0.6150324940681458,0.14333602786064148,0,24810.201171875,0
SMP_0797,2588,5068,90.40791666666667,26.28097222222222,1,North-West_Meghalaya,42.0,2.7771854400634766,-0.0,1.0,-0.0010421528713777661,7.843770503997803,nan,nan,nan,0.6403788626194,-0.6150324940681458,0.14333602786064148,0,27724.67578125,0
SMP_0798,6310,11163,92.10097222222223,25.247083333333332,2,North-East_Meghalaya,864.0,2.7772397994995117,-0.5527956870381823,0.833316823538313,-0.0030323052778840065,8.760041236877441,0.24825380742549896,-0.4091988801956177,-0.24723966419696808,0.24825380742549896,-0.4091988801956177,-0.24723966419696808,1,22703.65625,0
SMP_0799,16884,12521,92.47819444444444,22.30986111111111,4,South-West_Mizoram,220.0,10.411701202392578,-0.9274279788224675,-0.3740017969171709,0.0010178417433053255,5.818821430206299,0.7569049596786499,-0.6782995462417603,0.19139364361763,0.7569049596786499,-0.6782995462417603,0.19139364361763,1,52961.3359375,0
SMP_0800,15027,13102,92.63958333333333,22.825694444444444,5,South-East_Mizoram,85.0,6.298486232757568,0.47683765046874943,0.878991385108775,-0.002795931650325656,7.244786739349365,nan,nan,nan,0.6403788626194,-0.6150324940681458,0.14333602786064148,0,12370.4345703125,0
SMP_0801,13311,11211,92.11430555555556,23.30236111111111,4,South-West_Mizoram,160.0,0.7391480207443237,0.34116365913116203,0.9400039136558083,0.0010886959498748183,8.475046157836914,0.5685670971870422,-0.5846372246742249,-0.002965442603453994,0.5685670971870422,-0.5846372246742249,-0.002965442603453994,1,54571.859375,0
SMP_0802,2956,14339,92.98319444444445,26.17875,2,North-East_Meghalaya,79.0,3.117910623550415,-0.7442479420625439,0.6679034366850258,0.0003144041111227125,7.034693717956543,0.3347017467021942,-0.4409536123275757,-0.09630124270915985,0.3347017467021942,-0.4409536123275757,-0.09630124270915985,1,45061.09375,0
SMP_0803,4813,6908,90.91902777777777,25.662916666666668,1,North-West_Meghalaya,548.0,0.7407909631729126,0.34685452337761186,-0.9379189408538937,-0.0031362706795334816,9.165972709655762,nan,nan,nan,0.6403788626194,-0.6150324940681458,0.14333602786064148,0,39711.6796875,0
SMP_0804,4763,4736,90.31569444444445,25.676805555555557,1,North-West_Meghalaya,558.0,10.991969108581543,0.20783119670678324,-0.978164706823665,0.004488470498472452,8.114680290222168,nan,nan,nan,0.6403788626194,-0.6150324940681458,0.14333602786064148,0,10104.556640625,0
SMP_0805,12669,12486,92.46847222222222,23.480694444444445,4,South-West_Mizoram,417.0,20.1496639251709,0.49246977248919865,0.8703295486104312,0.009407463483512402,5.127198696136475,nan,nan,nan,0.6403788626194,-0.6150324940681458,0.14333602786064148,0,32756.962890625,0
SMP_0806,15267,11091,92.08097222222221,22.759027777777778,4,South-West_Mizoram,37.0,5.197769641876221,0.9637997504670192,0.2666271572809336,-0.00047856051241979003,6.927331447601318,0.763125479221344,-0.6789970993995667,0.29659879207611084,0.763125479221344,-0.6789970993995667,0.29659879207611084,1,46545.25,0
SMP_0807,18441,10981,92.05041666666666,21.87736111111111,4,South-West_Mizoram,18.0,2.5256059169769287,0.8888317820863809,-0.45823363380828797,-0.0019644133280962706,9.548300743103027,0.2628137171268463,-0.13265952467918396,0.10418743640184402,0.2628137171268463,-0.13265952467918396,0.10418743640184402,1,119237.8515625,0
SMP_0808,15173,16674,93.63180555555556,22.785138888888888,5,South-East_Mizoram,1670.0,23.507949829101562,-0.9576017489979438,0.2880952799267613,0.0031841695308685303,5.362544059753418,nan,nan,nan,0.6403788626194,-0.6150324940681458,0.14333602786064148,0,81374.65625,0
SMP_0809,6182,2975,89.82652777777778,25.28263888888889,1,North-West_Meghalaya,16.0,1.4567798376083374,0.8789752410587808,0.47686740883148876,-0.0025534082669764757,10.238747596740723,nan,nan,nan,0.6403788626194,-0.6150324940681458,0.14333602786064148,0,37993.30859375,0
SMP_0810,4163,12947,92.59652777777778,25.84347222222222,2,North-East_Meghalaya,387.0,13.588543891906738,0.7432989489821527,-0.6689593952117178,-0.003391513368114829,5.9500837326049805,0.6339201927185059,-0.6239397525787354,0.10917675495147705,0.6339201927185059,-0.6239397525787354,0.10917675495147705,1,27916.8671875,0
SMP_0811,2399,8760,91.43347222222222,26.333472222222223,2,North-East_Meghalaya,47.0,1.1326245069503784,0.9125647371209228,0.4089322689192197,-0.00032348083914257586,8.048176765441895,nan,nan,nan,0.6403788626194,-0.6150324940681458,0.14333602786064148,0,20385.7734375,0
SMP_0812,2919,8606,91.39069444444445,26.189027777777778,2,North-East_Meghalaya,48.0,1.3869043588638306,0.7442771125975686,0.6678709303925618,-0.0006061005406081676,8.94418716430664,0.1715952754020691,-0.20565368235111237,-0.08997880667448044,0.1715952754020691,-0.20565368235111237,-0.08997880667448044,1,22388.580078125,0
SMP_0813,2961,12603,92.50097222222222,26.17736111111111,2,North-East_Meghalaya,59.0,0.8081017136573792,-0.9580517142696661,0.28659538165321896,0.001297921291552484,8.385846138000488,0.2542286217212677,-0.3837602436542511,-0.12948735058307648,0.2542286217212677,-0.3837602436542511,-0.12948735058307648,1,64748.51171875,0
SMP_0814,4652,2150,89.59736111111111,25.707638888888887,1,North-West_Meghalaya,32.0,1.922188639640808,-0.26736309617154674,-0.9635958565734726,0.004176780115813017,7.519004821777344,nan,nan,nan,0.6403788626194,-0.6150324940681458,0.14333602786064148,0,34054.29296875,0
SMP_0815,4625,12701,92.52819444444444,25.715138888888887,2,North-East_Meghalaya,820.0,13.2207670211792,-0.6111474289543897,0.7915167844603419,-0.005177652928978205,7.27783203125,0.7088162302970886,-0.6486294269561768,0.1743483990430832,0.7088162302970886,-0.6486294269561768,0.1743483990430832,1,22811.5,0
SMP_0816,6823,14344,92.98458333333333,25.104583333333334,2,North-East_Meghalaya,572.0,28.376819610595703,-0.23139804594145136,0.9728591595572701,-0.0021354027558118105,6.126773834228516,nan,nan,nan,0.6403788626194,-0.6150324940681458,0.14333602786064148,0,6772.7490234375,0
SMP_0817,8588,13190,92.66402777777778,24.614305555555557,3,Central_Transition,57.0,8.865671157836914,0.8551876506335884,-0.5183185142398481,-0.0016425298526883125,5.982632160186768,nan,nan,nan,0.6403788626194,-0.6150324940681458,0.14333602786064148,0,11342.822265625,0
SMP_0818,2816,4831,90.34208333333333,26.21763888888889,1,North-West_Meghalaya,35.0,2.772562265396118,0.7443586580539018,0.6677800447603945,-0.0005774322198703885,7.152291774749756,nan,nan,nan,0.6403788626194,-0.6150324940681458,0.14333602786064148,0,37788.35546875,0
SMP_0819,276,973,89.27041666666666,26.923194444444444,1,North-West_Meghalaya,727.0,35.15855026245117,0.9784223190801236,0.20661501766781853,-0.005173548590391874,4.880577564239502,nan,nan,nan,0.6403788626194,-0.6150324940681458,0.14333602786064148,0,150794.3125,0
SMP_0820,6243,6758,90.87736111111111,25.265694444444446,1,North-West_Meghalaya,291.0,19.17578125,0.025707364320958916,0.9996695110983776,0.001800721394829452,6.433614730834961,nan,nan,nan,0.6403788626194,-0.6150324940681458,0.14333602786064148,0,36229.47265625,0
SMP_0821,17339,14589,93.0526388888889,22.18347222222222,5,South-East_Mizoram,725.0,21.117469787597656,-0.8025386575335963,-0.5966001199833713,-0.0012307616416364908,5.769117832183838,0.8950232267379761,-0.8388751149177551,0.2869202196598053,0.8950232267379761,-0.8388751149177551,0.2869202196598053,1,34213.53515625,0
SMP_0822,13011,11093,92.08152777777778,23.385694444444443,4,South-West_Mizoram,92.0,7.594503402709961,-0.5285155665316627,0.8489236101874631,-0.008332389406859875,7.525833606719971,0.8126404285430908,-0.733147144317627,0.2083124965429306,0.8126404285430908,-0.733147144317627,0.2083124965429306,1,57152.390625,0
SMP_0823,308,12541,92.48375,26.914305555555554,2,North-East_Meghalaya,152.0,5.262091159820557,0.9844675533265002,0.17556661541231167,0.002584666945040226,8.524401664733887,nan,nan,nan,0.6403788626194,-0.6150324940681458,0.14333602786064148,0,33696.77734375,0
SMP_0824,14582,16774,93.65958333333333,22.949305555555554,5,South-East_Mizoram,572.0,28.963380813598633,0.467958904629617,-0.8837502269181315,0.006247725337743759,5.121623516082764,nan,nan,nan,0.6403788626194,-0.6150324940681458,0.14333602786064148,0,69165.0625,0
SMP_0825,4676,14341,92.98375,25.700972222222223,2,North-East_Meghalaya,174.0,5.63170051574707,0.8189120746192119,-0.573918996063781,0.0038217781111598015,6.4412055015563965,0.8280062079429626,-0.7270735502243042,0.20846982300281525,0.8280062079429626,-0.7270735502243042,0.20846982300281525,1,19663.478515625,0
SMP_0826,18994,12555,92.4876388888889,21.72375,4,South-West_Mizoram,219.0,26.907421112060547,0.5230418414179003,-0.8523070057943746,0.004100976977497339,4.802892208099365,0.6751534938812256,-0.6602798700332642,0.10070319473743439,0.6751534938812256,-0.6602798700332642,0.10070319473743439,1,99475.1953125,0
SMP_0827,2553,838,89.23291666666667,26.290694444444444,1,North-West_Meghalaya,51.0,0.7412691116333008,-0.3484860790378363,0.9373139563224453,-0.0010454235598444939,9.165328025817871,nan,nan,nan,0.6403788626194,-0.6150324940681458,0.14333602786064148,0,97617.453125,0
SMP_0828,8470,17115,93.75430555555556,24.647083333333335,3,Central_Transition,945.0,6.4979729652404785,0.6247780829305059,0.7808023739011569,-0.0038725342601537704,6.297054290771484,nan,nan,nan,0.6403788626194,-0.6150324940681458,0.14333602786064148,0,16900.7421875,0
SMP_0829,2420,8861,91.46152777777777,26.327638888888888,2,North-East_Meghalaya,50.0,4.353594779968262,-0.9478931711239155,0.3185883490284094,-0.00043141128844581544,7.105381011962891,nan,nan,nan,0.6403788626194,-0.6150324940681458,0.14333602786064148,0,23513.50390625,0
SMP_0830,5026,552,89.15347222222222,25.60375,1,North-West_Meghalaya,30.0,0.8045073747634888,-0.957667706877602,-0.2878759510688506,-0.0012853743974119425,10.530369758605957,nan,nan,nan,0.6403788626194,-0.6150324940681458,0.14333602786064148,0,84426.4765625,0
SMP_0831,7002,13299,92.69430555555556,25.054861111111112,2,North-East_Meghalaya,526.0,25.05478858947754,0.8495604944067614,0.5274912002520412,0.0026098773814737797,4.885032653808594,nan,nan,nan,0.6403788626194,-0.6150324940681458,0.14333602786064148,0,11887.9560546875,0
SMP_0832,4922,14349,92.98597222222222,25.632638888888888,2,North-East_Meghalaya,135.0,6.084908485412598,0.9253131443980499,-0.3792038828970422,-0.004016401246190071,7.056410789489746,0.84980708360672,-0.760711133480072,0.2863781750202179,0.84980708360672,-0.760711133480072,0.2863781750202179,1,12061.9541015625,0
